url,price,comparable_count,price_per_sqm,monthly_rent,annual_rent,gross_rental_yield,snapshot_date,property_id,neighborhood,cap_rate
https://www.idealista.pt/en/imovel/34023840/,275000.0,72,27.058614720495942,1344.2322182189837,16130.7866186278,5.865740588591928,2025-03-22,,,4.985879500303138
https://www.idealista.pt/en/imovel/33979881/,299000.0,199,23.87242661335445,1780.1155362888835,21361.3864354666,7.144276399821606,2025-03-22,,,6.072634939848364
https://www.idealista.pt/en/imovel/34026765/,290000.0,27,23.59271746718087,1739.3711986346084,20872.454383615303,7.197398063315622,2025-03-22,,,6.117788353818279
https://www.idealista.pt/en/imovel/33928673/,267000.0,40,23.164107561623787,1469.3076403714806,17631.691684457768,6.603629844366206,2025-03-22,,,5.613085367711275
https://www.idealista.pt/en/imovel/33980177/,260000.0,148,21.85908448728965,1805.5555555555557,21666.666666666668,8.333333333333334,2025-03-22,,,7.083333333333334
https://www.idealista.pt/en/imovel/34017222/,250000.0,52,28.294703836807887,1264.0966293885472,15169.159552662566,6.067663821065026,2025-03-22,,,5.157514247905272
https://www.idealista.pt/en/imovel/34012969/,218000.0,5,24.6246613851265,1163.5579244428714,13962.695093314456,6.404906006107549,2025-03-22,,,5.444170105191416
https://www.idealista.pt/en/imovel/33986347/,280000.0,115,24.901156809696797,1452.9652125441062,17435.582550529274,6.226993768046169,2025-03-22,,,5.292944702839244
https://www.idealista.pt/en/imovel/34025702/,240000.0,6,29.5982905982906,1280.9083734646167,15370.9004815754,6.404541867323084,2025-03-22,,,5.443860587224621
https://www.idealista.pt/en/imovel/33440538/,285000.0,19,25.46127685202315,1216.1995627786532,14594.39475334384,5.1208402643311715,2025-03-22,,,4.352714224681495
https://www.idealista.pt/en/imovel/33993523/,272000.0,49,28.32335203421976,1200.7785687061692,14409.34282447403,5.297552508997805,2025-03-22,,,4.502919632648134
https://www.idealista.pt/en/imovel/33992484/,265000.0,11,21.607634732259207,1321.4369686424443,15857.243623709332,5.98386551838088,2025-03-22,,,5.086285690623748
https://www.idealista.pt/en/imovel/34057561/,280000.0,69,25.769198655260013,1384.339769877446,16612.07723852935,5.932884728046196,2025-03-22,,,5.042952018839267
https://www.idealista.pt/en/imovel/32486708/,198000.0,166,24.608129524278223,1375.0,16500.0,8.333333333333332,2025-03-22,,,7.083333333333332
https://www.idealista.pt/en/imovel/33524878/,250000.0,114,25.562726733895076,1565.6814661347903,18788.177593617485,7.515271037446994,2025-03-22,,,6.387980381829945
https://www.idealista.pt/en/imovel/33985445/,237500.0,35,27.306751744972896,1101.6975553676407,13220.370664411688,5.566471858699659,2025-03-22,,,4.73150107989471
https://www.idealista.pt/en/imovel/33984524/,215000.0,17,21.219450699877385,1493.0555555555557,17916.666666666668,8.333333333333334,2025-03-22,,,7.083333333333334
https://www.idealista.pt/en/imovel/34036434/,239000.0,15,28.360676593380997,1253.259586430808,15039.115037169697,6.2925167519538485,2025-03-22,,,5.348639239160771
https://www.idealista.pt/en/imovel/33799532/,235560.0,50,27.177711090350332,1244.3537220163955,14932.244664196747,6.33904086610492,2025-03-22,,,5.3881847361891815
https://www.idealista.pt/en/imovel/34032579/,280000.0,24,27.39359617802806,1123.9581008416228,13487.497210099476,4.816963289321241,2025-03-22,,,4.094418795923055
https://www.idealista.pt/en/imovel/34020888/,285500.0,20,26.758090522687095,1352.374999055069,16228.49998866083,5.684238174662287,2025-03-22,,,4.831602448462943
https://www.idealista.pt/en/imovel/33983484/,290000.0,75,26.522280229813497,1373.6809131319585,16484.170957583498,5.684196881925344,2025-03-22,,,4.8315673496365426
https://www.idealista.pt/en/imovel/33934029/,225000.0,10,28.78888888888889,1212.0843658791784,14545.012390550142,6.464449951355619,2025-03-22,,,5.494782458652276
https://www.idealista.pt/en/imovel/33979648/,199000.0,49,26.44035692678608,1293.644920017538,15523.739040210456,7.800873889552992,2025-03-22,,,6.630742806120043
https://www.idealista.pt/en/imovel/34062281/,275000.0,75,26.969805485211456,1341.296128159195,16095.553537910338,5.852928559240123,2025-03-22,,,4.974989275354105
https://www.idealista.pt/en/imovel/34041352/,295000.0,40,28.07686962275329,1345.5939485788726,16147.127382946472,5.473602502693719,2025-03-22,,,4.652562127289661
https://www.idealista.pt/en/imovel/33957087/,272000.0,49,28.32335203421976,1200.7785687061692,14409.34282447403,5.297552508997805,2025-03-22,,,4.502919632648134
https://www.idealista.pt/en/imovel/34005065/,288000.0,89,26.28435456831234,1506.1834685820068,18074.20162298408,6.275764452425029,2025-03-22,,,5.334399784561274
https://www.idealista.pt/en/imovel/34037932/,239000.0,14,27.529296350051062,1222.916419244335,14674.99703093202,6.140166121728878,2025-03-22,,,5.219141203469547
https://www.idealista.pt/en/imovel/34020973/,210000.0,41,27.32988662515347,1108.3407766812318,13300.089320174782,6.333375866749896,2025-03-22,,,5.383369486737411
https://www.idealista.pt/en/imovel/34014664/,288000.0,137,25.25868109320523,1557.971527889651,18695.658334675813,6.491548032873546,2025-03-22,,,5.517815827942514
https://www.idealista.pt/en/imovel/34005974/,299500.0,27,23.373664944048645,1856.903023260233,22282.8362791228,7.440012113229649,2025-03-22,,,6.324010296245201
https://www.idealista.pt/en/imovel/33985662/,210000.0,63,25.29590707393883,1458.3333333333333,17500.0,8.333333333333332,2025-03-22,,,7.083333333333332
https://www.idealista.pt/en/imovel/34024577/,299900.0,132,23.74450274304928,1541.7109633535642,18500.531560242773,6.168900153465413,2025-03-22,,,5.2435651304456
https://www.idealista.pt/en/imovel/33928601/,275000.0,56,27.1454155687131,1244.704628612225,14936.4555433467,5.4314383793988,2025-03-22,,,4.616722622488981
https://www.idealista.pt/en/imovel/33995907/,275000.0,67,26.01457461624592,1438.497070406646,17261.964844879752,6.277078125410819,2025-03-22,,,5.335516406599196
https://www.idealista.pt/en/imovel/34057779/,250000.0,9,22.24685845942427,1163.0894047282438,13957.072856738929,5.582829142695571,2025-03-22,,,4.745404771291235
https://www.idealista.pt/en/imovel/34058868/,299000.0,168,24.78301232482776,1825.543965413351,21906.527584960215,7.326597854501744,2025-03-22,,,6.227608176326482
https://www.idealista.pt/en/imovel/34055036/,248000.0,91,25.228209295317846,1446.3265406075711,17355.91848729085,6.998354228746312,2025-03-22,,,5.948601094434364
https://www.idealista.pt/en/imovel/34062579/,292000.0,50,27.45803588068262,1306.076382860578,15672.916594326936,5.367437189837991,2025-03-22,,,4.562321611362292
https://www.idealista.pt/en/imovel/32726243/,249990.0,20,21.471210973852607,1736.0416666666667,20832.5,8.333333333333332,2025-03-22,,,7.083333333333332
https://www.idealista.pt/en/imovel/34031027/,225000.0,65,25.190330484761255,1463.9541413908114,17567.449696689735,7.807755420750993,2025-03-22,,,6.636592107638344
https://www.idealista.pt/en/imovel/33546055/,268000.0,17,27.497218673134324,1296.197662368709,15554.371948424508,5.803870130009145,2025-03-22,,,4.933289610507773
https://www.idealista.pt/en/imovel/34050744/,247500.0,11,27.017084243499337,1220.3551096693327,14644.261316031992,5.916873259002825,2025-03-22,,,5.0293422701524015
https://www.idealista.pt/en/imovel/34062215/,292000.0,51,27.39707600541089,1330.455974587213,15965.471695046555,5.4676272928241625,2025-03-22,,,4.647483198900538
https://www.idealista.pt/en/imovel/34061219/,230000.0,42,27.822963421000768,1112.2110431541405,13346.532517849682,5.802840225152036,2025-03-22,,,4.932414191379231
https://www.idealista.pt/en/imovel/34028209/,285000.0,8,21.96571235170182,1648.0368824108718,19776.442588930466,6.939102662782619,2025-03-22,,,5.8982372633652265
https://www.idealista.pt/en/imovel/34009332/,280000.0,189,24.210444294799796,1601.5482018526102,19218.578422231323,6.863778007939758,2025-03-22,,,5.834211306748794
https://www.idealista.pt/en/imovel/34062772/,225000.0,10,22.21434415143107,1334.1702573996183,16010.043088795424,7.115574706131299,2025-03-22,,,6.048238500211604
https://www.idealista.pt/en/imovel/34034329/,190000.0,203,24.507878959307508,1319.4444444444443,15833.333333333332,8.333333333333332,2025-03-22,,,7.083333333333332
https://www.idealista.pt/en/imovel/34028556/,140000.0,37,26.52596654481675,972.2222222222222,11666.666666666666,8.333333333333332,2025-03-22,,,7.083333333333332
https://www.idealista.pt/en/imovel/34011921/,275000.0,71,25.864326481277224,1435.08135513074,17220.97626156888,6.2621731860250485,2025-03-22,,,5.322847208121291
https://www.idealista.pt/en/imovel/34052184/,200000.0,158,23.104883004597724,1388.888888888889,16666.666666666668,8.333333333333334,2025-03-22,,,7.083333333333334
https://www.idealista.pt/en/imovel/34053976/,240000.0,24,24.34054788391036,1453.8292348692123,17445.95081843055,7.269146174346062,2025-03-22,,,6.178774248194153
https://www.idealista.pt/en/imovel/33993799/,255000.0,73,27.222472008508287,1317.602043924167,15811.224527090004,6.200480206701962,2025-03-22,,,5.270408175696668
https://www.idealista.pt/en/imovel/34050617/,150000.0,39,26.726713206465483,1041.6666666666667,12500.0,8.333333333333332,2025-03-22,,,7.083333333333332
https://www.idealista.pt/en/imovel/34013996/,285000.0,235,24.184456433841827,1979.1666666666667,23750.0,8.333333333333332,2025-03-22,,,7.083333333333332
https://www.idealista.pt/en/imovel/33788189/,245000.0,45,23.398318586442397,1579.6587777003022,18955.905332403625,7.737104217307603,2025-03-22,,,6.576538584711462
https://www.idealista.pt/en/imovel/33992805/,285000.0,43,27.730692891639723,1192.3876941738297,14308.652330085954,5.02057976494244,2025-03-22,,,4.267492800201073
https://www.idealista.pt/en/imovel/34026676/,215000.0,39,26.664062724404683,1360.0170254306431,16320.204305167716,7.590792700078008,2025-03-22,,,6.452173795066307
https://www.idealista.pt/en/imovel/34017690/,239000.0,26,28.15893399579409,1440.508394623689,17286.100735484266,7.232678132001785,2025-03-22,,,6.147776412201518
https://www.idealista.pt/en/imovel/34051152/,269000.0,28,28.18106219590995,1868.0555555555557,22416.666666666668,8.333333333333334,2025-03-22,,,7.083333333333334
https://www.idealista.pt/en/imovel/34026852/,295000.0,202,23.737945829399234,1972.0680810201304,23664.81697224157,8.021971854997142,2025-03-22,,,6.818676076747571
https://www.idealista.pt/en/imovel/33969959/,210000.0,24,28.20399148470073,1458.3333333333333,17500.0,8.333333333333332,2025-03-22,,,7.083333333333332
https://www.idealista.pt/en/imovel/34030552/,225000.0,41,26.768630459011664,1249.7329635823205,14996.795562987843,6.665242472439041,2025-03-22,,,5.665456101573184
https://www.idealista.pt/en/imovel/33990050/,290000.0,204,23.893370341912185,1797.839753750756,21574.07704500907,7.439336912072093,2025-03-22,,,6.323436375261279
https://www.idealista.pt/en/imovel/34041889/,290000.0,204,23.893370341912185,1797.839753750756,21574.07704500907,7.439336912072093,2025-03-22,,,6.323436375261279
https://www.idealista.pt/en/imovel/34005229/,290000.0,204,23.893370341912185,1797.839753750756,21574.07704500907,7.439336912072093,2025-03-22,,,6.323436375261279
https://www.idealista.pt/en/imovel/34013648/,230000.0,48,26.484108015000785,1331.2664871732004,15975.197846078405,6.945738193947132,2025-03-22,,,5.903877464855062
https://www.idealista.pt/en/imovel/34037683/,250000.0,16,28.83813430629468,1306.3817433640595,15676.580920368717,6.270632368147487,2025-03-22,,,5.330037512925363
https://www.idealista.pt/en/imovel/34002042/,299000.0,8,26.603766888412135,1247.9340086460893,14975.208103753072,5.008430803930794,2025-03-22,,,4.257166183341175
https://www.idealista.pt/en/imovel/34058782/,298000.0,1,0.0,0.0,0.0,0.0,2025-03-22,,,0.0
https://www.idealista.pt/en/imovel/34020448/,300000.0,60,25.4410270912104,1364.56397332933,16374.767679951958,5.458255893317319,2025-03-22,,,4.639517509319721
https://www.idealista.pt/en/imovel/34049858/,225000.0,60,27.12145173401377,1206.1177091570514,14473.412509884616,6.432627782170941,2025-03-22,,,5.4677336148453
https://www.idealista.pt/en/imovel/33984272/,265000.0,82,26.27709291763826,1585.9454427438686,19031.345312926424,7.181639740726952,2025-03-22,,,6.10439377961791
https://www.idealista.pt/en/imovel/34032986/,285000.0,34,23.96232296749833,1673.8478878522149,20086.17465422658,7.047780580430378,2025-03-22,,,5.990613493365821
https://www.idealista.pt/en/imovel/33985351/,260000.0,215,24.671041650696807,1805.5555555555557,21666.666666666668,8.333333333333334,2025-03-22,,,7.083333333333334
https://www.idealista.pt/en/imovel/34060865/,199500.0,10,29.7034188034188,1309.300911213087,15711.610934557044,7.875494202785485,2025-03-22,,,6.694170072367662
https://www.idealista.pt/en/imovel/34057686/,280000.0,5,32.22222222222222,1280.0,15360.0,5.485714285714286,2025-03-22,,,4.662857142857143
https://www.idealista.pt/en/imovel/33995413/,165000.0,219,24.06275813431496,1145.8333333333333,13750.0,8.333333333333332,2025-03-22,,,7.083333333333332
https://www.idealista.pt/en/imovel/34022548/,299000.0,109,24.52398085577103,1920.9912632319,23051.8951587828,7.709663932703277,2025-03-22,,,6.553214342797785
https://www.idealista.pt/en/imovel/33988425/,240000.0,24,24.34054788391036,1453.8292348692123,17445.95081843055,7.269146174346062,2025-03-22,,,6.178774248194153
https://www.idealista.pt/en/imovel/34037837/,240000.0,24,24.34054788391036,1453.8292348692123,17445.95081843055,7.269146174346062,2025-03-22,,,6.178774248194153
https://www.idealista.pt/en/imovel/33984467/,245000.0,126,24.679264262924665,1621.6353806362736,19459.624567635285,7.942703905157258,2025-03-22,,,6.751298319383669
https://www.idealista.pt/en/imovel/34020124/,245000.0,180,24.235509364308093,1660.5960133482,19927.152160178397,8.133531493950366,2025-03-22,,,6.913501769857811
https://www.idealista.pt/en/imovel/34052765/,247500.0,1,0.0,0.0,0.0,0.0,2025-03-22,,,0.0
https://www.idealista.pt/en/imovel/34061637/,300000.0,39,27.80021709231948,1405.1377210091323,16861.65265210959,5.620550884036531,2025-03-22,,,4.777468251431051
https://www.idealista.pt/en/imovel/33982707/,300000.0,16,20.028263754515063,1512.16528238301,18145.98338859612,6.048661129532039,2025-03-22,,,5.141361960102233
https://www.idealista.pt/en/imovel/33989995/,239000.0,0,0.0,0.0,0.0,0.0,2025-03-22,,,0.0
https://www.idealista.pt/en/imovel/33985055/,255000.0,200,23.86213705352261,1770.8333333333333,21250.0,8.333333333333332,2025-03-22,,,7.083333333333332
https://www.idealista.pt/en/imovel/34033913/,285000.0,56,27.939862309758517,1203.869103524782,14446.429242297383,5.068922541156977,2025-03-22,,,4.30858415998343
https://www.idealista.pt/en/imovel/34034170/,255000.0,12,22.11827721485234,1352.2107810668049,16226.529372801657,6.363344852079081,2025-03-22,,,5.408843124267219
https://www.idealista.pt/en/imovel/34061324/,245000.0,73,26.252305390148553,1502.0511621647272,18024.61394597673,7.356985284072133,2025-03-22,,,6.2534374914613124
https://www.idealista.pt/en/imovel/34058801/,292000.0,6,20.0,1507.8969482123114,18094.763378547737,6.196836773475253,2025-03-22,,,5.267311257453965
https://www.idealista.pt/en/imovel/34055110/,250000.0,43,26.561273301101895,1332.0043446768318,15984.052136121982,6.393620854448792,2025-03-22,,,5.434577726281473
https://www.idealista.pt/en/imovel/34044237/,245000.0,8,22.511816584583684,1252.527645483797,15030.331745805564,6.134829284002271,2025-03-22,,,5.2146048914019305
https://www.idealista.pt/en/imovel/34030538/,299900.0,11,24.442608361396857,999.6666666666666,11996.0,4.0,2025-03-22,,,3.4
https://www.idealista.pt/en/imovel/34020268/,259000.0,19,25.46127685202315,1265.9639890143887,15191.567868172664,5.8654702193716854,2025-03-22,,,4.9856496864659325
https://www.idealista.pt/en/imovel/33625362/,299900.0,9,21.545279666159196,1474.2864552710607,17691.43746325273,5.899112191814848,2025-03-22,,,5.014245363042621
https://www.idealista.pt/en/imovel/34053475/,280000.0,168,24.02283997481864,1540.6892802451994,18488.271362942392,6.6029540581937125,2025-03-22,,,5.612510949464656
https://www.idealista.pt/en/imovel/33853736/,250000.0,37,24.420321647317945,1305.9597497974448,15671.51699756934,6.268606799027736,2025-03-22,,,5.328315779173575
https://www.idealista.pt/en/imovel/34030535/,293000.0,66,24.116257213632213,2034.7222222222224,24416.666666666664,8.333333333333332,2025-03-22,,,7.083333333333332
https://www.idealista.pt/en/imovel/34042836/,299000.0,77,27.22193891766835,1351.8889982612156,16222.667979134589,5.425641464593508,2025-03-22,,,4.611795244904482
https://www.idealista.pt/en/imovel/34055706/,300000.0,31,27.1714233970828,1364.9758672784458,16379.71040734135,5.459903469113783,2025-03-22,,,4.640917948746716
https://www.idealista.pt/en/imovel/34047387/,248000.0,142,23.87209851913775,1722.2222222222222,20666.666666666664,8.333333333333332,2025-03-22,,,7.083333333333332
https://www.idealista.pt/en/imovel/34048706/,260000.0,118,24.229143973684955,1631.7211535612405,19580.65384273489,7.531020708744187,2025-03-22,,,6.4013676024325585
https://www.idealista.pt/en/imovel/34050563/,285000.0,111,25.043583960787902,1558.9413295988925,18707.29595518671,6.563963493047968,2025-03-22,,,5.579368969090773
https://www.idealista.pt/en/imovel/33832574/,229000.0,46,27.313159106421093,1225.0179115263231,14700.214938315878,6.4193078333257105,2025-03-22,,,5.456411658326854
https://www.idealista.pt/en/imovel/34034237/,250000.0,67,24.845055135868677,1698.641756267041,20383.70107520449,8.153480430081798,2025-03-22,,,6.930458365569528
https://www.idealista.pt/en/imovel/34000565/,280000.0,118,24.26573623942282,1541.3581441226524,18496.29772947183,6.605820617668511,2025-03-22,,,5.614947525018234
https://www.idealista.pt/en/imovel/34037766/,290000.0,20,26.834798331604304,1310.4074882264686,15724.889858717625,5.422375813350904,2025-03-22,,,4.609019441348268
https://www.idealista.pt/en/imovel/34014617/,215000.0,26,27.13255879610784,1087.041744702948,13044.500936435375,6.067209737876919,2025-03-22,,,5.157128277195381
https://www.idealista.pt/en/imovel/34027843/,300000.0,68,26.85531086518636,1369.5072791413097,16434.087349695714,5.478029116565239,2025-03-22,,,4.6563247490804525
https://www.idealista.pt/en/imovel/34002154/,239900.0,119,24.937762484750795,1479.7453564657417,17756.944277588897,7.401810870191286,2025-03-22,,,6.291539239662593
https://www.idealista.pt/en/imovel/34028179/,220000.0,0,0.0,0.0,0.0,0.0,2025-03-22,,,0.0
https://www.idealista.pt/en/imovel/34050979/,280000.0,33,24.42903691126578,1560.732310462988,18728.787725555856,6.688852759127091,2025-03-22,,,5.685524845258027
https://www.idealista.pt/en/imovel/34047662/,299000.0,161,24.63937629455256,1795.239110964231,21542.86933157077,7.204973020592231,2025-03-22,,,6.124227067503396
https://www.idealista.pt/en/imovel/33976954/,295000.0,178,24.20963292493485,1674.4476352475106,20093.371622970128,6.811312414566145,2025-03-22,,,5.789615552381223
https://www.idealista.pt/en/imovel/34053759/,289000.0,165,24.230996032474973,1812.3680550413403,21748.416660496085,7.52540368875297,2025-03-22,,,6.396593135440025
https://www.idealista.pt/en/imovel/33256934/,260000.0,175,24.11404928456317,1693.91889700744,20327.02676408928,7.818087216957416,2025-03-22,,,6.645374134413803
https://www.idealista.pt/en/imovel/34041499/,250000.0,211,24.705051034395048,1736.111111111111,20833.333333333332,8.333333333333332,2025-03-22,,,7.083333333333332
https://www.idealista.pt/en/imovel/34003524/,196300.0,24,26.948595987135548,1078.112556749301,12937.350680991609,6.590601467647278,2025-03-22,,,5.602011247500186
https://www.idealista.pt/en/imovel/34013579/,200000.0,183,24.342425731892156,1388.888888888889,16666.666666666668,8.333333333333334,2025-03-22,,,7.083333333333334
https://www.idealista.pt/en/imovel/34028316/,250000.0,59,27.307533582297253,1359.2219116369683,16310.66293964362,6.524265175857448,2025-03-22,,,5.545625399478831
https://www.idealista.pt/en/imovel/34003718/,170000.0,52,26.33368133356346,1180.5555555555557,14166.666666666668,8.333333333333334,2025-03-22,,,7.083333333333334
https://www.idealista.pt/en/imovel/34003355/,219000.0,152,24.372324067147076,1520.8333333333333,18250.0,8.333333333333332,2025-03-22,,,7.083333333333332
https://www.idealista.pt/en/imovel/33954045/,299000.0,204,24.10116088911402,2076.3888888888887,24916.666666666664,8.333333333333332,2025-03-22,,,7.083333333333332
https://www.idealista.pt/en/imovel/34003381/,289000.0,70,24.98598065469126,1499.9521677581974,17999.426013098368,6.228175091037498,2025-03-22,,,5.293948827381873
https://www.idealista.pt/en/imovel/33987737/,275000.0,178,23.779353799977468,1639.4488635421503,19673.386362505804,7.153958677274838,2025-03-22,,,6.080864875683613
https://www.idealista.pt/en/imovel/34002988/,288000.0,119,24.16611742897676,1543.8408833738497,18526.090600486197,6.432670347391041,2025-03-22,,,5.4677697952823845
https://www.idealista.pt/en/imovel/34044946/,235000.0,65,26.41443431424645,1415.2464930348976,16982.95791641877,7.226790602731392,2025-03-22,,,6.142772012321683
https://www.idealista.pt/en/imovel/34008276/,275000.0,31,26.373459674549785,1909.7222222222224,22916.666666666664,8.333333333333332,2025-03-22,,,7.083333333333332
https://www.idealista.pt/en/imovel/33843371/,180000.0,67,25.849308740955507,1250.0,15000.0,8.333333333333332,2025-03-22,,,7.083333333333332
https://www.idealista.pt/en/imovel/34050773/,270000.0,84,24.85413419748656,1438.5795628226144,17262.954753871374,6.393686945878287,2025-03-22,,,5.434633903996543
https://www.idealista.pt/en/imovel/33979639/,265000.0,66,25.084415374591668,1517.6469501437148,18211.763401724576,6.872363547820595,2025-03-22,,,5.841509015647506
https://www.idealista.pt/en/imovel/33929639/,250000.0,212,24.57028913906624,1736.111111111111,20833.333333333332,8.333333333333332,2025-03-22,,,7.083333333333332
https://www.idealista.pt/en/imovel/34008493/,269000.0,165,24.42237052843737,1597.593423840478,19171.121086085735,7.126810812671278,2025-03-22,,,6.057789190770586
https://www.idealista.pt/en/imovel/34044220/,300000.0,71,27.181847025812292,1368.4790870552483,16421.74904466298,5.473916348220994,2025-03-22,,,4.652828895987845
https://www.idealista.pt/en/imovel/33993160/,259000.0,70,26.87651686885912,1343.5088471133304,16122.106165359965,6.224751415196898,2025-03-22,,,5.291038702917363
https://www.idealista.pt/en/imovel/33982678/,235000.0,41,27.609985763246293,1133.5282996177057,13602.339595412468,5.7882296150691355,2025-03-22,,,4.919995172808765
https://www.idealista.pt/en/imovel/34033181/,257000.0,41,27.985199277186133,1125.2495976383098,13502.995171659715,5.254083724381213,2025-03-22,,,4.4659711657240315
https://www.idealista.pt/en/imovel/34046084/,160000.0,16,26.41865970195166,1111.111111111111,13333.333333333332,8.333333333333332,2025-03-22,,,7.083333333333332
https://www.idealista.pt/en/imovel/33993159/,265000.0,66,25.084415374591668,1517.6469501437148,18211.763401724576,6.872363547820595,2025-03-22,,,5.841509015647506
https://www.idealista.pt/en/imovel/34003122/,299000.0,230,24.067355228635417,2076.3888888888887,24916.666666666664,8.333333333333332,2025-03-22,,,7.083333333333332
https://www.idealista.pt/en/imovel/33995335/,295000.0,183,23.90212893788939,1726.5486150842828,20718.583381011395,7.023248603732676,2025-03-22,,,5.969761313172774
https://www.idealista.pt/en/imovel/34039074/,250000.0,43,27.937266002137275,1244.7506840630317,14937.00820875638,5.974803283502552,2025-03-22,,,5.078582790977169
https://www.idealista.pt/en/imovel/34062932/,275000.0,49,26.73429302025694,1210.979097246831,14531.749166961976,5.284272424349809,2025-03-22,,,4.491631560697337
https://www.idealista.pt/en/imovel/34046420/,270000.0,28,27.496658200002138,1111.006901900959,13332.08282281151,4.937808452893152,2025-03-22,,,4.197137184959179
https://www.idealista.pt/en/imovel/34022561/,205000.0,34,26.60628490450015,1088.3947044895026,13060.736453874031,6.371090953109284,2025-03-22,,,5.415427310142891
https://www.idealista.pt/en/imovel/33983218/,299000.0,204,24.10116088911402,2076.3888888888887,24916.666666666664,8.333333333333332,2025-03-22,,,7.083333333333332
https://www.idealista.pt/en/imovel/34019910/,270000.0,66,24.75384173111305,1378.045366834917,16536.544402019008,6.124646074821855,2025-03-22,,,5.205949163598576
https://www.idealista.pt/en/imovel/33653840/,290000.0,154,25.00406748502615,1536.8703731887306,18442.44447826477,6.359463613194746,2025-03-22,,,5.405544071215535
https://www.idealista.pt/en/imovel/34027910/,275000.0,156,25.43132866358466,1909.7222222222224,22916.666666666664,8.333333333333332,2025-03-22,,,7.083333333333332
https://www.idealista.pt/en/imovel/33981492/,270000.0,66,24.75384173111305,1378.045366834917,16536.544402019008,6.124646074821855,2025-03-22,,,5.205949163598576
https://www.idealista.pt/en/imovel/34036605/,260000.0,68,25.560552140180363,1403.9517664813852,16847.421197776624,6.479777383760241,2025-03-22,,,5.507810776196204
https://www.idealista.pt/en/imovel/33988435/,135000.0,55,27.37906977556452,937.5,11250.0,8.333333333333332,2025-03-22,,,7.083333333333332
https://www.idealista.pt/en/imovel/33979934/,270000.0,66,24.75384173111305,1378.045366834917,16536.544402019008,6.124646074821855,2025-03-22,,,5.205949163598576
https://www.idealista.pt/en/imovel/34024999/,249900.0,257,24.127831579303916,1735.4166666666667,20825.0,8.333333333333332,2025-03-22,,,7.083333333333332
https://www.idealista.pt/en/imovel/34000907/,265000.0,68,25.560552140180363,1403.9517664813852,16847.421197776624,6.357517433123254,2025-03-22,,,5.403889818154766
https://www.idealista.pt/en/imovel/33989423/,250000.0,32,22.80710356285485,1736.111111111111,20833.333333333332,8.333333333333332,2025-03-22,,,7.083333333333332
https://www.idealista.pt/en/imovel/34009842/,270000.0,168,23.413156064515483,1875.0,22500.0,8.333333333333332,2025-03-22,,,7.083333333333332
https://www.idealista.pt/en/imovel/33995382/,300000.0,34,27.327532811696855,1134.2081721339316,13610.498065607178,4.536832688535726,2025-03-22,,,3.8563077852553667
https://www.idealista.pt/en/imovel/33992083/,250000.0,5,25.628085301957903,1127.6475467591488,13531.770561109784,5.4127082244439135,2025-03-22,,,4.6008019907773265
https://www.idealista.pt/en/imovel/34041336/,280000.0,29,27.152110516019555,1099.1161748550803,13189.394098260967,4.710497892236059,2025-03-22,,,4.00392320840065
https://www.idealista.pt/en/imovel/34003346/,285000.0,68,26.57174346565725,1334.8747150240742,16018.496580288893,5.620525115890839,2025-03-22,,,4.777446348507213
https://www.idealista.pt/en/imovel/34005205/,295000.0,35,26.884631562379074,1396.1665157398947,16753.998188878737,5.679321419958894,2025-03-22,,,4.82742320696506
https://www.idealista.pt/en/imovel/34010079/,195000.0,8,27.64729674740913,1354.1666666666667,16250.0,8.333333333333332,2025-03-22,,,7.083333333333332
https://www.idealista.pt/en/imovel/34009087/,210000.0,13,27.416165300054995,1242.756030613965,14913.072367367582,7.101463032079801,2025-03-22,,,6.036243577267831
https://www.idealista.pt/en/imovel/33956611/,230000.0,32,27.790630600248107,1196.1358385654205,14353.630062785043,6.240708722950019,2025-03-22,,,5.3046024145075155
https://www.idealista.pt/en/imovel/34039073/,250000.0,27,25.40697972329621,1500.1517259846055,18001.820711815264,7.200728284726106,2025-03-22,,,6.120619042017189
https://www.idealista.pt/en/imovel/34050216/,260000.0,47,24.65608497448165,1466.9466254396789,17603.359505276145,6.770522886644671,2025-03-22,,,5.75494445364797
https://www.idealista.pt/en/imovel/33983717/,289000.0,21,29.17586783907072,1192.9554958241995,14315.465949890397,4.953448425567611,2025-03-22,,,4.210431161732469
https://www.idealista.pt/en/imovel/34001087/,200000.0,24,20.999064938766292,1388.888888888889,16666.666666666668,8.333333333333334,2025-03-22,,,7.083333333333334
https://www.idealista.pt/en/imovel/34048820/,220000.0,78,26.771317378545127,1332.0056709346106,15984.068051215329,7.265485477825148,2025-03-22,,,6.175662656151376
https://www.idealista.pt/en/imovel/34008315/,270000.0,73,26.300665838528474,1319.850384301017,15838.204611612204,5.86600170800452,2025-03-22,,,4.986101451803842
https://www.idealista.pt/en/imovel/34012957/,240000.0,24,24.34054788391036,1501.5614572357376,18018.737486828853,7.507807286178688,2025-03-22,,,6.381636193251885
https://www.idealista.pt/en/imovel/34038056/,270000.0,23,23.021196850928693,1639.6981619788617,19676.377943746334,7.287547386572718,2025-03-22,,,6.19441527858681
https://www.idealista.pt/en/imovel/34047803/,230000.0,10,28.708043894090405,1420.007779417852,17040.09335301422,7.408736240440966,2025-03-22,,,6.297425804374821
https://www.idealista.pt/en/imovel/34033580/,290000.0,39,24.44313379094712,1671.5677524909972,20058.813029891968,6.916832079273092,2025-03-22,,,5.879307267382129
https://www.idealista.pt/en/imovel/34027780/,300000.0,72,25.923092536608703,1474.1919517230683,17690.30342067682,5.8967678068922735,2025-03-22,,,5.012252635858433
https://www.idealista.pt/en/imovel/33704216/,270000.0,143,24.209445717893967,1712.004422005129,20544.053064061547,7.608908542245017,2025-03-22,,,6.467572260908264
https://www.idealista.pt/en/imovel/33170895/,285000.0,26,27.152330761026413,1089.8277371688696,13077.932846026437,4.588748367026819,2025-03-22,,,3.9004361119727964
https://www.idealista.pt/en/imovel/33956353/,208000.0,68,27.23692056411177,1322.2976065247572,15867.571278297086,7.628640037642829,2025-03-22,,,6.484344031996405
https://www.idealista.pt/en/imovel/33964327/,290000.0,61,25.318018865780207,1542.9565220444783,18515.47826453374,6.384647677425427,2025-03-22,,,5.426950525811613
https://www.idealista.pt/en/imovel/33789807/,285000.0,42,26.8529584962674,1391.7154710887542,16700.58565306505,5.859854615110543,2025-03-22,,,4.980876422843962
https://www.idealista.pt/en/imovel/33277885/,215000.0,4,29.72222222222222,1225.236818588025,14702.8418230563,6.838531080491303,2025-03-22,,,5.812751418417608
https://www.idealista.pt/en/imovel/33694400/,289000.0,11,27.423526286305016,1246.9375531454752,14963.250637745705,5.177595376382596,2025-03-22,,,4.400956069925207
https://www.idealista.pt/en/imovel/33934110/,248000.0,58,25.029352857254036,1530.1192193955906,18361.430632747088,7.403802674494793,2025-03-22,,,6.293232273320574
https://www.idealista.pt/en/imovel/33922302/,240000.0,5,32.22222222222222,1285.8011107618145,15429.613329141774,6.4290055538090725,2025-03-22,,,5.464654720737712
https://www.idealista.pt/en/imovel/33898547/,300000.0,32,27.70240673312827,1117.5554989276748,13410.665987132095,4.470221995710699,2025-03-22,,,3.799688696354094
https://www.idealista.pt/en/imovel/33924500/,290000.0,45,23.226638968576303,1705.9037026403864,20470.844431684636,7.0589118729947025,2025-03-22,,,6.000075092045497
https://www.idealista.pt/en/imovel/33654320/,295000.0,188,23.606334213640743,1726.7815371077052,20721.378445292463,7.024196083149987,2025-03-22,,,5.970566670677489
https://www.idealista.pt/en/imovel/33736516/,255000.0,35,28.607914690276928,1381.5516064408143,16578.61927728977,6.501419324427362,2025-03-22,,,5.526206425763258
https://www.idealista.pt/en/imovel/33962583/,260000.0,16,23.336392734572065,1456.250192564338,17475.002310772055,6.7211547349123295,2025-03-22,,,5.71298152467548
https://www.idealista.pt/en/imovel/33851408/,230000.0,14,28.64862914862915,1302.1862067575933,15626.23448109112,6.794014991778748,2025-03-22,,,5.774912743011935
https://www.idealista.pt/en/imovel/33911212/,280000.0,78,25.53051515663513,1368.6521759153918,16423.8261109847,5.865652182494536,2025-03-22,,,4.985804355120355
https://www.idealista.pt/en/imovel/33846538/,250000.0,35,25.525506253632756,1736.111111111111,20833.333333333332,8.333333333333332,2025-03-22,,,7.083333333333332
https://www.idealista.pt/en/imovel/33919754/,195000.0,51,27.556768158131895,1165.1694300745185,13982.033160894222,7.170273415843191,2025-03-22,,,6.094732403466712
https://www.idealista.pt/en/imovel/33799376/,285000.0,57,26.7740486196891,1345.949659663255,16151.39591595906,5.667156461740021,2025-03-22,,,4.817082992479017
https://www.idealista.pt/en/imovel/33972383/,250000.0,51,27.14627466311388,1262.171407641603,15146.056891699238,6.058422756679695,2025-03-22,,,5.149659343177741
https://www.idealista.pt/en/imovel/33917033/,299500.0,83,25.302309262358925,1543.2912251324533,18519.49470158944,6.183470685004821,2025-03-22,,,5.255950082254097
https://www.idealista.pt/en/imovel/33792891/,300000.0,44,25.07944212263276,1513.4723269102597,18161.667922923116,6.053889307641039,2025-03-22,,,5.145805911494882
https://www.idealista.pt/en/imovel/33904537/,290000.0,54,25.43855242775996,1470.99379360964,17651.92552331568,6.0868708701088545,2025-03-22,,,5.1738402395925265
https://www.idealista.pt/en/imovel/33630455/,285000.0,77,27.031224385852216,1532.4601204610517,18389.521445532617,6.452463665099163,2025-03-22,,,5.484594115334288
https://www.idealista.pt/en/imovel/33964850/,250000.0,173,23.57909557384992,1680.1764056938646,20162.116868326375,8.064846747330549,2025-03-22,,,6.855119735230966
https://www.idealista.pt/en/imovel/33086982/,250000.0,50,27.429364332650103,1304.7982344855272,15657.578813826329,6.263031525530531,2025-03-22,,,5.3235767967009515
https://www.idealista.pt/en/imovel/33364458/,290000.0,53,27.847211457467733,1317.3622580176027,15808.347096211231,5.451154171107322,2025-03-22,,,4.633481045441224
https://www.idealista.pt/en/imovel/33955347/,269000.0,93,25.092799075732582,1612.9051719934412,19354.862063921293,7.195116008892674,2025-03-22,,,6.115848607558773
https://www.idealista.pt/en/imovel/33755290/,230000.0,53,24.083456470140693,1597.2222222222222,19166.666666666664,8.333333333333332,2025-03-22,,,7.083333333333332
https://www.idealista.pt/en/imovel/33625352/,170000.0,30,27.92613767921402,1123.3158409969058,13479.79009196287,7.929288289389924,2025-03-22,,,6.739895045981435
https://www.idealista.pt/en/imovel/33096356/,298000.0,8,26.19286637275768,1463.2739276984094,17559.287132380912,5.892378232342588,2025-03-22,,,5.008521497491199
https://www.idealista.pt/en/imovel/33974797/,230000.0,19,29.59344572452815,1363.6609762823207,16363.931715387847,7.114752919733847,2025-03-22,,,6.047539981773769
https://www.idealista.pt/en/imovel/33935870/,269000.0,57,24.801394830907288,1506.419000352911,18077.028004234933,6.720084759938636,2025-03-22,,,5.712072045947841
https://www.idealista.pt/en/imovel/33681153/,299000.0,27,28.044646945783946,2076.3888888888887,24916.666666666664,8.333333333333332,2025-03-22,,,7.083333333333332
https://www.idealista.pt/en/imovel/33712826/,245000.0,136,25.4018401897364,1520.923573961817,18251.082887541805,7.449421586751757,2025-03-22,,,6.332008348738993
https://www.idealista.pt/en/imovel/33932941/,299000.0,90,26.101466957215735,1561.4779403992684,18737.73528479122,6.266801098592381,2025-03-22,,,5.326780933803524
https://www.idealista.pt/en/imovel/33749208/,300000.0,82,25.273954631124408,1438.298457760575,17259.5814931269,5.7531938310423,2025-03-22,,,4.890214756385955
https://www.idealista.pt/en/imovel/33616511/,260000.0,93,25.336243790027495,1446.4892823243858,17357.87138789263,6.676104379958703,2025-03-22,,,5.6746887229648975
https://www.idealista.pt/en/imovel/32537931/,299000.0,50,27.457690966612223,1166.457363012093,13997.488356145115,4.681434232824453,2025-03-22,,,3.9792190979007853
https://www.idealista.pt/en/imovel/33907990/,300000.0,35,28.34960890390799,1419.800722545338,17037.608670544054,5.679202890181352,2025-03-22,,,4.827322456654149
https://www.idealista.pt/en/imovel/33485746/,299000.0,25,26.92906623264871,1392.4547682308598,16709.457218770316,5.588447230357965,2025-03-22,,,4.75018014580427
https://www.idealista.pt/en/imovel/33815374/,290000.0,61,27.29121140974267,1292.8517711193808,15514.22125343257,5.349731466700886,2025-03-22,,,4.5472717466957535
https://www.idealista.pt/en/imovel/33780968/,285000.0,62,25.80665620923115,1406.1008698581606,16873.210438297927,5.920424715192255,2025-03-22,,,5.032361007913417
https://www.idealista.pt/en/imovel/33871132/,245000.0,36,28.089964879223817,1107.1124990796625,13285.349988955946,5.422591832226916,2025-03-22,,,4.609203057392879
https://www.idealista.pt/en/imovel/33750712/,250000.0,187,23.944146479111176,1653.40702329099,19840.88427949188,7.936353711796751,2025-03-22,,,6.7459006550272385
https://www.idealista.pt/en/imovel/33966386/,270000.0,23,27.067799985211625,1329.7138681733145,15956.566418079774,5.909839414103621,2025-03-22,,,5.023363501988078
https://www.idealista.pt/en/imovel/33415512/,257500.0,52,24.15620542263661,1711.1474111340362,20533.768933608437,7.974279197517839,2025-03-22,,,6.778137317890162
https://www.idealista.pt/en/imovel/33673087/,299000.0,54,27.669432180321525,1180.8187651250626,14169.82518150075,4.739071967057107,2025-03-22,,,4.028211171998541
https://www.idealista.pt/en/imovel/33772698/,288000.0,91,26.347804548598415,1534.226376120696,18410.71651344835,6.392609900502899,2025-03-22,,,5.433718415427464
https://www.idealista.pt/en/imovel/33119789/,290000.0,176,24.444934192046674,1661.2975444915162,19935.570533898193,6.874334666861446,2025-03-22,,,5.843184466832229
https://www.idealista.pt/en/imovel/33164642/,275000.0,138,24.72054521115132,1615.091217172164,19381.094606065966,7.047670765842169,2025-03-22,,,5.9905201509658434
https://www.idealista.pt/en/imovel/33791667/,220000.0,4,28.36111111111111,1183.150611172627,14197.80733407152,6.453548788214328,2025-03-22,,,5.485516469982179
https://www.idealista.pt/en/imovel/33059426/,275000.0,199,24.40327794174701,1888.1603569816357,22657.924283779623,8.239245194101683,2025-03-22,,,7.00335841498643
https://www.idealista.pt/en/imovel/33831271/,275000.0,105,23.384413863492245,1788.5324660264075,21462.38959231689,7.804505306297051,2025-03-22,,,6.633829510352493
https://www.idealista.pt/en/imovel/33750659/,288000.0,93,26.104643000043453,1523.505830953579,18282.06997144295,6.34794096230658,2025-03-22,,,5.395749817960593
https://www.idealista.pt/en/imovel/32834508/,225000.0,44,24.937540287425463,1533.0835976827948,18397.003172193537,8.176445854308238,2025-03-22,,,6.949978976162002
https://www.idealista.pt/en/imovel/33444004/,189000.0,72,26.64349799173954,1312.5,15750.0,8.333333333333332,2025-03-22,,,7.083333333333332
https://www.idealista.pt/en/imovel/33220551/,205000.0,151,24.40128566028479,1423.611111111111,17083.333333333332,8.333333333333332,2025-03-22,,,7.083333333333332
https://www.idealista.pt/en/imovel/33572164/,175000.0,62,27.45088942581568,1215.2777777777778,14583.333333333334,8.333333333333334,2025-03-22,,,7.083333333333334
https://www.idealista.pt/en/imovel/33034841/,275000.0,199,24.40327794174701,1888.1603569816357,22657.924283779623,8.239245194101683,2025-03-22,,,7.00335841498643
https://www.idealista.pt/en/imovel/33773682/,290000.0,53,27.58053592812036,1374.125536905962,16489.506442871545,5.686036704438464,2025-03-22,,,4.833131198772694
https://www.idealista.pt/en/imovel/33850250/,270000.0,33,26.04925696675815,1311.816097191569,15741.793166298829,5.830293765295862,2025-03-22,,,4.955749700501483
https://www.idealista.pt/en/imovel/33967223/,299900.0,27,26.554741013313087,1031.5852327063797,12379.022792476557,4.127716836437665,2025-03-22,,,3.5085593109720152
https://www.idealista.pt/en/imovel/33886530/,288000.0,93,26.104643000043453,1523.505830953579,18282.06997144295,6.34794096230658,2025-03-22,,,5.395749817960593
https://www.idealista.pt/en/imovel/32813012/,219500.0,30,29.483107487349503,1245.3220099347498,14943.864119216996,6.808138550896126,2025-03-22,,,5.786917768261707
https://www.idealista.pt/en/imovel/32568986/,300000.0,55,27.457715886813386,1589.2145501596044,19070.574601915258,6.356858200638419,2025-03-22,,,5.403329470542656
https://www.idealista.pt/en/imovel/33015058/,285000.0,89,26.36508168389855,1493.389339944899,17920.672079338783,6.287955115557469,2025-03-22,,,5.344761848223849
https://www.idealista.pt/en/imovel/33596805/,295000.0,22,27.76843955393783,1713.9169007110174,20567.00280853221,6.971865358824478,2025-03-22,,,5.926085555000806
https://www.idealista.pt/en/imovel/33932700/,285000.0,12,28.99630028718079,1372.1249524725506,16465.499429670606,5.7773682209370545,2025-03-22,,,4.910762987796496
https://www.idealista.pt/en/imovel/33077474/,299000.0,7,27.25815616806517,1355.1736614471545,16262.083937365853,5.438824059319683,2025-03-22,,,4.62300045042173
https://www.idealista.pt/en/imovel/32401970/,250000.0,16,25.800918242919856,1540.02126954779,18480.25523457348,7.392102093829392,2025-03-22,,,6.283286779754983
https://www.idealista.pt/en/imovel/33927261/,269000.0,201,24.524713067856528,1868.0555555555557,22416.666666666668,8.333333333333334,2025-03-22,,,7.083333333333334
https://www.idealista.pt/en/imovel/33737730/,295000.0,157,25.083676118069302,1839.21045066389,22070.52540796668,7.481534036598875,2025-03-22,,,6.359303931109044
https://www.idealista.pt/en/imovel/33952410/,235000.0,10,25.457300150829564,1570.0097218318094,18840.116661981712,8.017070919992218,2025-03-22,,,6.814510281993385
https://www.idealista.pt/en/imovel/33895242/,280000.0,5,30.244393939393937,1215.5551369357772,14586.661643229329,5.209522015439045,2025-03-22,,,4.428093713123189
https://www.idealista.pt/en/imovel/33113830/,285000.0,199,24.009187746896423,1941.883520371287,23302.602244455444,8.176351664721208,2025-03-22,,,6.949898915013026
https://www.idealista.pt/en/imovel/33882150/,250000.0,51,27.14627466311388,1262.171407641603,15146.056891699238,6.058422756679695,2025-03-22,,,5.149659343177741
https://www.idealista.pt/en/imovel/33367986/,295000.0,68,24.904758436844645,1371.0453971573602,16452.54476588832,5.577133818945193,2025-03-22,,,4.7405637461034145
https://www.idealista.pt/en/imovel/33958249/,259000.0,156,24.619638082286148,1740.876517257669,20890.51820709203,8.065837145595378,2025-03-22,,,6.855961573756071
https://www.idealista.pt/en/imovel/33425899/,253000.0,27,25.44288664288774,1756.9444444444443,21083.333333333332,8.333333333333332,2025-03-22,,,7.083333333333332
https://www.idealista.pt/en/imovel/33861608/,290000.0,85,25.92375210173604,1536.6688342809828,18440.026011371792,6.3586296590937215,2025-03-22,,,5.404835210229663
https://www.idealista.pt/en/imovel/33347728/,299000.0,12,23.750601065949542,1501.290128681761,18015.48154418113,6.025244663605729,2025-03-22,,,5.12145796406487
https://www.idealista.pt/en/imovel/33873162/,220000.0,4,23.780826731408126,1114.855132514598,13378.261590175174,6.08102799553417,2025-03-22,,,5.1688737962040445
https://www.idealista.pt/en/imovel/32973030/,210000.0,57,26.718379681793092,1392.8360741604124,16714.03288992495,7.959063280916643,2025-03-22,,,6.7652037887791465
https://www.idealista.pt/en/imovel/33938321/,245000.0,57,25.470516306989992,1544.1163528262484,18529.39623391498,7.563018870985706,2025-03-22,,,6.42856604033785
https://www.idealista.pt/en/imovel/30450592/,244000.0,119,24.23491505917128,1694.4444444444443,20333.333333333332,8.333333333333332,2025-03-22,,,7.083333333333332
https://www.idealista.pt/en/imovel/33746760/,229000.0,11,28.282569282569284,1266.7017318796725,15200.42078255607,6.6377383329939175,2025-03-22,,,5.64207758304483
https://www.idealista.pt/en/imovel/33886997/,288000.0,48,28.399794633111423,1649.5990218841307,19795.18826260957,6.873329257850544,2025-03-22,,,5.8423298691729615
https://www.idealista.pt/en/imovel/33789599/,299000.0,112,25.30068310556373,1873.5700326273584,22482.8403915283,7.51934461255127,2025-03-22,,,6.39144292066858
https://www.idealista.pt/en/imovel/33059145/,275000.0,156,24.89867642913351,1807.573385688108,21690.880628257295,7.887592955729926,2025-03-22,,,6.704454012370437
https://www.idealista.pt/en/imovel/33359450/,280000.0,21,20.986173349462433,1752.0710973568032,21024.85316828164,7.508876131529157,2025-03-22,,,6.382544711799784
https://www.idealista.pt/en/imovel/33520741/,299900.0,51,25.162039005961343,1510.5273910752755,18126.328692903306,6.044124272391899,2025-03-22,,,5.137505631533115
https://www.idealista.pt/en/imovel/33922974/,159000.0,99,24.95976197486684,1104.1666666666667,13250.0,8.333333333333332,2025-03-22,,,7.083333333333332
https://www.idealista.pt/en/imovel/32591572/,265000.0,26,28.52686053554355,1170.8321545442254,14049.985854530703,5.301881454539889,2025-03-22,,,4.506599236358905
https://www.idealista.pt/en/imovel/33914485/,288000.0,151,24.198584131859175,1553.711491473266,18644.53789767919,6.4737978811386085,2025-03-22,,,5.502728198967817
https://www.idealista.pt/en/imovel/33925481/,230000.0,41,28.585674790296626,1189.5778324771045,14274.933989725254,6.20649303901098,2025-03-22,,,5.275519083159333
https://www.idealista.pt/en/imovel/33340092/,265000.0,79,25.297909185342416,1499.1268339494293,17989.522007393152,6.788498870714397,2025-03-22,,,5.770224040107237
https://www.idealista.pt/en/imovel/33758009/,200000.0,207,24.47139312114915,1388.888888888889,16666.666666666668,8.333333333333334,2025-03-22,,,7.083333333333334
https://www.idealista.pt/en/imovel/33244861/,255000.0,70,26.929602925955315,1359.1523436003874,16309.82812320465,6.396011028707706,2025-03-22,,,5.4366093744015505
https://www.idealista.pt/en/imovel/33507444/,210000.0,51,24.759628215663117,1441.645105353341,17299.741264240092,8.237972030590521,2025-03-22,,,7.002276226001943
https://www.idealista.pt/en/imovel/33120703/,290000.0,180,24.31142853169933,1682.0590648500624,20184.70877820075,6.9602444062761215,2025-03-22,,,5.916207745334703
https://www.idealista.pt/en/imovel/33618417/,295000.0,38,21.368207974009483,1517.0421863629308,18204.50623635517,6.171019063171244,2025-03-22,,,5.245366203695557
https://www.idealista.pt/en/imovel/29027816/,290000.0,28,28.18106219590995,1970.6412421185137,23647.69490542216,8.154377553593848,2025-03-22,,,6.931220920554771
https://www.idealista.pt/en/imovel/33653372/,245000.0,39,26.941385017446706,1078.8032133977042,12945.638560772451,5.283934106437735,2025-03-22,,,4.491343990472075
https://www.idealista.pt/en/imovel/33249300/,260000.0,79,25.482855537901855,1368.2842128602238,16419.410554322683,6.315157905508724,2025-03-22,,,5.3678842196824155
https://www.idealista.pt/en/imovel/33146222/,190000.0,66,26.275878597251552,1319.4444444444443,15833.333333333332,8.333333333333332,2025-03-22,,,7.083333333333332
https://www.idealista.pt/en/imovel/33574964/,299900.0,52,26.32747369308249,1286.732659924088,15440.791919089055,5.14864685531479,2025-03-22,,,4.376349827017571
https://www.idealista.pt/en/imovel/33502393/,220000.0,162,24.161976629869187,1527.7777777777778,18333.333333333336,8.333333333333334,2025-03-22,,,7.083333333333334
https://www.idealista.pt/en/imovel/33879293/,295000.0,109,24.481068454168515,2048.6111111111113,24583.333333333336,8.333333333333334,2025-03-22,,,7.083333333333334
https://www.idealista.pt/en/imovel/33415554/,249000.0,56,25.19617902739217,1474.2579800467402,17691.095760560882,7.104857735165012,2025-03-22,,,6.03912907489026
https://www.idealista.pt/en/imovel/33840325/,267500.0,223,24.040403785893208,1751.2399042956358,21014.87885154763,7.856029477214068,2025-03-22,,,6.677625055631958
https://www.idealista.pt/en/imovel/33804904/,295000.0,213,24.266972041739287,2048.6111111111113,24583.333333333336,8.333333333333334,2025-03-22,,,7.083333333333334
https://www.idealista.pt/en/imovel/33739267/,179000.0,40,27.35576651335689,1105.1617894214185,13261.94147305702,7.408905850869845,2025-03-22,,,6.2975699732393675
https://www.idealista.pt/en/imovel/33940409/,170000.0,52,27.243935054605437,1180.5555555555557,14166.666666666668,8.333333333333334,2025-03-22,,,7.083333333333334
https://www.idealista.pt/en/imovel/33746770/,197000.0,43,28.13026764836609,1212.63274282176,14551.59291386112,7.386595387746763,2025-03-22,,,6.2786060795847485
https://www.idealista.pt/en/imovel/33891400/,288000.0,4,29.72222222222222,1165.309598475066,13983.71518170079,4.8554566603127745,2025-03-22,,,4.127138161265858
https://www.idealista.pt/en/imovel/33360895/,189900.0,80,26.185688623074032,1318.75,15825.0,8.333333333333332,2025-03-22,,,7.083333333333332
https://www.idealista.pt/en/imovel/33905805/,249500.0,4,24.085106627447377,928.7877745811636,11145.453294973964,4.467115549087762,2025-03-22,,,3.797048216724597
https://www.idealista.pt/en/imovel/33836023/,255000.0,61,25.832010193520997,1465.1126224216462,17581.351469059755,6.894647634925394,2025-03-22,,,5.860450489686585
https://www.idealista.pt/en/imovel/33473969/,295000.0,155,23.989166342935796,2048.6111111111113,24583.333333333336,8.333333333333334,2025-03-22,,,7.083333333333334
https://www.idealista.pt/en/imovel/33973726/,299900.0,8,22.45272533871481,1464.4545905431794,17573.45508651815,5.859771619379177,2025-03-22,,,4.9808058764723
https://www.idealista.pt/en/imovel/33940533/,210000.0,55,25.931943673486224,1422.9975216450453,17075.97025974054,8.131414409400257,2025-03-22,,,6.911702247990219
https://www.idealista.pt/en/imovel/31301952/,290000.0,120,25.31701423840098,2013.888888888889,24166.666666666668,8.333333333333334,2025-03-22,,,7.083333333333334
https://www.idealista.pt/en/imovel/33547441/,285000.0,27,26.65201078546765,1943.3394082510229,23320.072899012273,8.182481718951674,2025-03-22,,,6.955109461108923
https://www.idealista.pt/en/imovel/32973902/,280000.0,35,23.02963031306363,1595.8964426881057,19150.757312257265,6.839556182949023,2025-03-22,,,5.813622755506669
https://www.idealista.pt/en/imovel/31730465/,289000.0,33,24.15274516066228,1661.1392399386225,19933.670879263467,6.897463972063483,2025-03-22,,,5.86284437625396
https://www.idealista.pt/en/imovel/33765250/,290000.0,184,23.839789397506504,1692.4917111979048,20309.900534374858,7.00341397737064,2025-03-22,,,5.952901880765044
https://www.idealista.pt/en/imovel/33783909/,220000.0,50,27.304086095274968,1244.9142872358211,14938.971446829855,6.790441566740843,2025-03-22,,,5.771875331729716
https://www.idealista.pt/en/imovel/33545220/,280000.0,42,26.278271119217813,1411.7856035143282,16941.427242171936,6.0505097293471195,2025-03-22,,,5.142933269945051
https://www.idealista.pt/en/imovel/33970104/,280000.0,110,24.347829756332125,1932.4635803329527,23189.56296399543,8.281986772855511,2025-03-22,,,7.039688756927184
https://www.idealista.pt/en/imovel/33602234/,249000.0,86,23.421754921503993,1610.127640939482,19321.531691273784,7.759651281636058,2025-03-22,,,6.5957035893906495
https://www.idealista.pt/en/imovel/30257667/,280000.0,32,20.443040464024495,1944.4444444444443,23333.333333333332,8.333333333333332,2025-03-22,,,7.083333333333332
https://www.idealista.pt/en/imovel/33479958/,247000.0,114,26.106105487447127,1615.4111907623032,19384.93428914764,7.8481515340678705,2025-03-22,,,6.67092880395769
https://www.idealista.pt/en/imovel/33936382/,245000.0,82,25.140189153710097,1434.4413915085477,17213.29669810257,7.025835386980642,2025-03-22,,,5.971960078933545
https://www.idealista.pt/en/imovel/33674465/,175000.0,44,26.065138530381045,1215.2777777777778,14583.333333333334,8.333333333333334,2025-03-22,,,7.083333333333334
https://www.idealista.pt/en/imovel/33797896/,250000.0,9,22.24685845942427,1163.0894047282438,13957.072856738929,5.582829142695571,2025-03-22,,,4.745404771291235
https://www.idealista.pt/en/imovel/33418991/,289000.0,13,20.0,1461.386044960759,17536.632539529106,6.068038941013532,2025-03-22,,,5.157833099861501
https://www.idealista.pt/en/imovel/33097996/,270000.0,11,24.442608361396857,935.9287136052176,11231.144563262613,4.159683171578745,2025-03-22,,,3.5357306958419334
https://www.idealista.pt/en/imovel/33956092/,197500.0,53,27.180168872798298,1206.8810426352002,14482.572511622402,7.332948107150584,2025-03-22,,,6.233005891077997
https://www.idealista.pt/en/imovel/33871908/,220000.0,33,22.779840368886585,1434.9185792743458,17219.02295129215,7.826828614223705,2025-03-22,,,6.652804322090149
https://www.idealista.pt/en/imovel/33370179/,259800.0,61,26.171833759352246,1231.186856089115,14774.24227306938,5.686775316808845,2025-03-22,,,4.833759019287518
https://www.idealista.pt/en/imovel/33918510/,295000.0,62,25.076134830900752,1551.243806145627,18614.92567374753,6.310144296185602,2025-03-22,,,5.363622651757761
https://www.idealista.pt/en/imovel/33852582/,177000.0,9,22.24685845942427,1118.7020531484957,13424.424637781947,7.584420699311835,2025-03-22,,,6.446757594415059
https://www.idealista.pt/en/imovel/33677556/,295000.0,244,23.8032147702543,2020.1784857575692,24242.14182909083,8.217675196301977,2025-03-22,,,6.98502391685668
https://www.idealista.pt/en/imovel/33947763/,200000.0,76,25.999379988722865,1388.888888888889,16666.666666666668,8.333333333333334,2025-03-22,,,7.083333333333334
https://www.idealista.pt/en/imovel/33677566/,284000.0,29,22.79152283283905,1787.7320372491176,21452.78444698941,7.553797340489229,2025-03-22,,,6.420727739415844
https://www.idealista.pt/en/imovel/33873276/,295000.0,31,27.49155006322799,1186.54529706246,14238.54356474952,4.826624937203228,2025-03-22,,,4.102631196622744
https://www.idealista.pt/en/imovel/32950184/,179000.0,31,27.682320115366696,1118.9843347702013,13427.812017242415,7.501570959353304,2025-03-22,,,6.376335315450309
https://www.idealista.pt/en/imovel/33845091/,280000.0,5,25.628085301957903,1072.966655407997,12875.599864895965,4.59842852317713,2025-03-22,,,3.9086642447005606
https://www.idealista.pt/en/imovel/33571421/,299900.0,8,22.45272533871481,1464.4545905431794,17573.45508651815,5.859771619379177,2025-03-22,,,4.9808058764723
https://www.idealista.pt/en/imovel/33886877/,135000.0,53,27.414355453787127,937.5,11250.0,8.333333333333332,2025-03-22,,,7.083333333333332
https://www.idealista.pt/en/imovel/33969701/,290000.0,26,26.419755180944374,1450.716075904382,17408.592910852585,6.002963072707788,2025-03-22,,,5.102518611801619
https://www.idealista.pt/en/imovel/33671705/,299900.0,16,24.067526651281607,1560.6680234427104,18728.016281312524,6.2447536783302855,2025-03-22,,,5.308040626580743
https://www.idealista.pt/en/imovel/33613343/,197000.0,74,26.85085022061163,1328.116849794576,15937.402197534911,8.090051876921276,2025-03-22,,,6.8765440953830845
https://www.idealista.pt/en/imovel/33975817/,299900.0,8,22.45272533871481,1464.4545905431794,17573.45508651815,5.859771619379177,2025-03-22,,,4.9808058764723
https://www.idealista.pt/en/imovel/33304593/,300000.0,33,26.04925696675815,1311.816097191569,15741.793166298829,5.247264388766276,2025-03-22,,,4.460174730451335
https://www.idealista.pt/en/imovel/33951033/,299900.0,8,24.799661433564797,1556.2902586268551,18675.48310352226,6.227236780100787,2025-03-22,,,5.293151263085669
https://www.idealista.pt/en/imovel/33145538/,275000.0,164,25.17510227246094,1871.5495271757336,22458.594326108807,8.166761573130476,2025-03-22,,,6.941747337160904
https://www.idealista.pt/en/imovel/32620524/,190000.0,61,25.353948676874538,1319.4444444444443,15833.333333333332,8.333333333333332,2025-03-22,,,7.083333333333332
https://www.idealista.pt/en/imovel/33898635/,260000.0,16,23.336392734572065,1436.8446230891343,17242.135477069613,6.6315905681036975,2025-03-22,,,5.6368519828881425
https://www.idealista.pt/en/imovel/33084983/,170000.0,29,27.77911431880959,1105.5380030183874,13266.456036220648,7.803797668365087,2025-03-22,,,6.633228018110324
https://www.idealista.pt/en/imovel/32490930/,190000.0,67,25.18806605518187,1319.4444444444443,15833.333333333332,8.333333333333332,2025-03-22,,,7.083333333333332
https://www.idealista.pt/en/imovel/33948960/,209653.0,9,23.284052010054353,1455.923611111111,17471.083333333332,8.333333333333332,2025-03-22,,,7.083333333333332
https://www.idealista.pt/en/imovel/33906311/,196073.0,9,24.247014973017315,1361.6180555555557,16339.416666666668,8.333333333333334,2025-03-22,,,7.083333333333334
https://www.idealista.pt/en/imovel/33908094/,244000.0,184,24.442390452134923,1694.4444444444443,20333.333333333332,8.333333333333332,2025-03-22,,,7.083333333333332
https://www.idealista.pt/en/imovel/33867284/,298000.0,80,23.95264424335948,1619.0972964942002,19429.167557930403,6.5198548852115445,2025-03-22,,,5.541876652429813
https://www.idealista.pt/en/imovel/33668458/,238000.0,7,29.973137973137973,1332.3770081569228,15988.524097883072,6.7178672680180975,2025-03-22,,,5.710187177815382
https://www.idealista.pt/en/imovel/33705568/,239500.0,36,25.421865373623003,1421.2188352689552,17054.62602322746,7.120929446023992,2025-03-22,,,6.052790029120393
https://www.idealista.pt/en/imovel/33880614/,299999.0,7,27.25815616806517,1355.1736614471545,16262.083937365853,5.420712714831001,2025-03-22,,,4.60760580760635
https://www.idealista.pt/en/imovel/33741333/,240000.0,29,26.13739270372614,1077.030044155035,12924.36052986042,5.3851502207751745,2025-03-22,,,4.577377687658898
https://www.idealista.pt/en/imovel/33845035/,285000.0,137,24.913986212069275,1979.1666666666667,23750.0,8.333333333333332,2025-03-22,,,7.083333333333332
https://www.idealista.pt/en/imovel/33502174/,239500.0,42,25.349227276364065,1400.819252242306,16809.831026907672,7.018718591610719,2025-03-22,,,5.965910802869112
https://www.idealista.pt/en/imovel/33972841/,160000.0,65,26.514204522580016,1111.111111111111,13333.333333333332,8.333333333333332,2025-03-22,,,7.083333333333332
https://www.idealista.pt/en/imovel/33752551/,288000.0,93,26.104643000043453,1523.505830953579,18282.06997144295,6.34794096230658,2025-03-22,,,5.395749817960593
https://www.idealista.pt/en/imovel/33964267/,199000.0,37,28.3771172229969,1137.8388527923507,13654.066233508209,6.861339815833271,2025-03-22,,,5.832138843458281
https://www.idealista.pt/en/imovel/33691556/,269000.0,149,24.60421104178745,1687.361662725351,20248.339952704213,7.52726392293837,2025-03-22,,,6.3981743344976145
https://www.idealista.pt/en/imovel/33891422/,192000.0,169,24.911772585972713,1333.3333333333333,16000.0,8.333333333333332,2025-03-22,,,7.083333333333332
https://www.idealista.pt/en/imovel/33815265/,290000.0,192,24.05222380131812,1776.7922476825356,21321.50697219043,7.352243783513941,2025-03-22,,,6.24940721598685
https://www.idealista.pt/en/imovel/33957421/,210000.0,67,27.450864331944896,1354.539795689019,16254.477548268227,7.740227403937252,2025-03-22,,,6.5791932933466635
https://www.idealista.pt/en/imovel/33643633/,285000.0,51,27.155231803293923,1428.1090561101437,17137.30867332172,6.013090762569025,2025-03-22,,,5.111127148183671
https://www.idealista.pt/en/imovel/33909925/,280000.0,124,23.40444574019704,1620.4150559224315,19444.98067106918,6.944635953953279,2025-03-22,,,5.902940560860287
https://www.idealista.pt/en/imovel/33830608/,195500.0,20,27.79839912923836,1118.6152576721445,13423.383092065736,6.866180609752294,2025-03-22,,,5.83625351828945
https://www.idealista.pt/en/imovel/33764407/,179000.0,42,28.084465484828417,1129.5643729579372,13554.772475495249,7.57249858966215,2025-03-22,,,6.436623801212827
https://www.idealista.pt/en/imovel/33976726/,272000.0,18,26.76607117100738,1370.5119740973812,16446.143689168573,6.046376356311976,2025-03-22,,,5.139419902865179
https://www.idealista.pt/en/imovel/32699634/,265000.0,5,25.628085301957903,1072.966655407997,12875.599864895965,4.85871693014942,2025-03-22,,,4.129909390627007
https://www.idealista.pt/en/imovel/33791295/,249000.0,52,26.458645930563307,1335.4076838596643,16024.892206315972,6.4356996812513945,2025-03-22,,,5.470344729063685
https://www.idealista.pt/en/imovel/33789783/,250000.0,42,27.9863461334855,1247.8454484458236,14974.145381349885,5.989658152539954,2025-03-22,,,5.091209429658961
https://www.idealista.pt/en/imovel/33715551/,250000.0,12,29.23536227205032,1528.0038216523492,18336.04585982819,7.334418343931276,2025-03-22,,,6.234255592341584
https://www.idealista.pt/en/imovel/33432730/,295000.0,65,26.238411318752416,1394.5217970292713,16734.261564351254,5.672631038763138,2025-03-22,,,4.821736382948667
https://www.idealista.pt/en/imovel/33168759/,170000.0,9,22.24685845942427,1118.7020531484957,13424.424637781947,7.8967203751658515,2025-03-22,,,6.712212318890973
https://www.idealista.pt/en/imovel/33496582/,209000.0,31,27.583496647724992,1451.388888888889,17416.666666666668,8.333333333333334,2025-03-22,,,7.083333333333334
https://www.idealista.pt/en/imovel/33461228/,218000.0,54,27.736524572005337,1160.6326041436778,13927.591249724132,6.388803325561529,2025-03-22,,,5.4304828267272995
https://www.idealista.pt/en/imovel/33954176/,299900.0,11,23.276849775125868,1601.5844699716406,19219.013639659686,6.408474037899195,2025-03-22,,,5.447202932214315
https://www.idealista.pt/en/imovel/33662008/,278000.0,37,24.82695249833273,1465.1948201622183,17582.33784194662,6.324581957534756,2025-03-22,,,5.375894663904543
https://www.idealista.pt/en/imovel/34081375/,270000.0,70,26.12896619719747,1406.5791960990782,16878.95035318894,6.251463093773681,2025-03-22,,,5.313743629707628
https://www.idealista.pt/en/imovel/34077448/,300000.0,16,25.800918242919856,1564.4968549710777,18773.962259652933,6.257987419884311,2025-03-22,,,5.3192893069016645
https://www.idealista.pt/en/imovel/34081497/,190000.0,53,26.271321939088217,1238.9636752567355,14867.564103080826,7.825033738463592,2025-03-22,,,6.651278677694053
https://www.idealista.pt/en/imovel/34081561/,190000.0,165,24.166489628921056,1319.4444444444443,15833.333333333332,8.333333333333332,2025-03-22,,,7.083333333333332
https://www.idealista.pt/en/imovel/34081669/,280000.0,58,25.433203913600316,1426.1511517020317,17113.813820424377,6.112076364437277,2025-03-22,,,5.195264909771685
https://www.idealista.pt/en/imovel/34081374/,230000.0,53,27.824216701911087,1391.5469654123588,16698.563584948304,7.260245036934046,2025-03-22,,,6.171208281393939
https://www.idealista.pt/en/imovel/34078464/,295000.0,175,24.441926743382393,1820.1351206658817,21841.62144799058,7.403939473895112,2025-03-22,,,6.293348552810845
https://www.idealista.pt/en/imovel/33749530/,190000.0,10,28.28916303821964,1281.0835078947798,15373.002094737358,8.091053734072293,2025-03-22,,,6.877395673961449
https://www.idealista.pt/en/imovel/34078058/,292000.0,50,27.45803588068262,1306.076382860578,15672.916594326936,5.367437189837991,2025-03-22,,,4.562321611362292
https://www.idealista.pt/en/imovel/34073475/,235000.0,71,25.790558171787797,1376.7805613981368,16521.366736777643,7.030368824160699,2025-03-22,,,5.975813500536594
https://www.idealista.pt/en/imovel/34075745/,289000.0,134,25.49411766142377,1707.469675381971,20489.636104583653,7.089839482554897,2025-03-22,,,6.026363560171662
https://www.idealista.pt/en/imovel/34081468/,280000.0,58,25.499805358483925,1418.1432993425344,17017.719592110414,6.077756997182291,2025-03-22,,,5.166093447604948
https://www.idealista.pt/en/imovel/34073318/,290000.0,204,23.893370341912185,1797.839753750756,21574.07704500907,7.439336912072093,2025-03-22,,,6.323436375261279
https://www.idealista.pt/en/imovel/34073821/,170000.0,56,26.98388581751519,1180.5555555555557,14166.666666666668,8.333333333333334,2025-03-22,,,7.083333333333334
https://www.idealista.pt/en/imovel/34073114/,299000.0,163,24.853320258162977,1834.689444943036,22016.27333931643,7.36330212017272,2025-03-22,,,6.258806802146812
https://www.idealista.pt/en/imovel/34073785/,274000.0,83,25.665819263218477,1459.9435009618935,17519.322011542725,6.393913142898805,2025-03-22,,,5.4348261714639845
https://www.idealista.pt/en/imovel/34072221/,270000.0,54,27.599984347914553,1123.8190713815702,13485.828856578844,4.994751428362535,2025-03-22,,,4.245538714108155
https://www.idealista.pt/en/imovel/34074501/,280000.0,78,26.506306275853948,1578.140134205074,18937.681610460888,6.763457718021745,2025-03-22,,,5.748939060318483
https://www.idealista.pt/en/imovel/34073038/,220000.0,14,21.707173733664387,1392.35615041612,16708.27380499344,7.594669911360655,2025-03-22,,,6.455469424656557
