Property URL,Price (€),Monthly Rent (€),Annual Rent (€),Total Recurring Expenses (€),Expenses % of Rent,Total One-Time Expenses (€),One-Time Expenses % of Price,Property Management (€),Maintenance (€),Vacancy (€),Insurance (€),Utilities (€),Closing Costs (€),Total Taxes (€),IMT (€),Stamp Duty (€)
https://www.idealista.pt/en/imovel/34023840/,275000.0,1096,13152,7817.2,59.44,23239.690000000002,8.45,1315.2,2750.0,2192.0,360,1200,11000.0,12239.69,10039.69,2200.0
https://www.idealista.pt/en/imovel/33979881/,299000.0,1500,18000,9350.0,51.94,26071.690000000002,8.72,1800.0,2990.0,3000.0,360,1200,11960.0,14111.69,11719.69,2392.0
https://www.idealista.pt/en/imovel/34026765/,290000.0,N/A,N/A,4460.0,N/A,25009.690000000002,8.62,N/A,2900.0,N/A,360,1200,11600.0,13409.69,11089.69,2320.0
https://www.idealista.pt/en/imovel/33928673/,267000.0,1317,15804,8444.4,53.43,22295.690000000002,8.35,1580.4,2670.0,2634.0,360,1200,10680.0,11615.69,9479.69,2136.0
https://www.idealista.pt/en/imovel/33980177/,260000.0,N/A,N/A,4160.0,N/A,21469.690000000002,8.26,N/A,2600.0,N/A,360,1200,10400.0,11069.69,8989.69,2080.0
https://www.idealista.pt/en/imovel/34017222/,250000.0,1868,22416,10037.6,44.78,20289.690000000002,8.12,2241.6,2500.0,3736.0,360,1200,10000.0,10289.69,8289.69,2000.0
https://www.idealista.pt/en/imovel/34012969/,218000.0,1600,19200,8860.0,46.15,16513.69,7.58,1920.0,2180.0,3200.0,360,1200,8720.0,7793.69,6049.69,1744.0
https://www.idealista.pt/en/imovel/33986347/,280000.0,1275,15300,8440.0,55.16,23829.690000000002,8.51,1530.0,2800.0,2550.0,360,1200,11200.0,12629.69,10389.69,2240.0
https://www.idealista.pt/en/imovel/34025702/,240000.0,N/A,N/A,3960.0,N/A,19109.690000000002,7.96,N/A,2400.0,N/A,360,1200,9600.0,9509.69,7589.69,1920.0
https://www.idealista.pt/en/imovel/33440538/,285000.0,1217,14604,8304.4,56.86,24419.690000000002,8.57,1460.4,2850.0,2434.0,360,1200,11400.0,13019.69,10739.69,2280.0
https://www.idealista.pt/en/imovel/33993523/,272000.0,1450,17400,8920.0,51.26,22885.690000000002,8.41,1740.0,2720.0,2900.0,360,1200,10880.0,12005.69,9829.69,2176.0
https://www.idealista.pt/en/imovel/33992484/,265000.0,1150,13800,7890.0,57.17,22059.690000000002,8.32,1380.0,2650.0,2300.0,360,1200,10600.0,11459.69,9339.69,2120.0
https://www.idealista.pt/en/imovel/34057561/,280000.0,N/A,N/A,4360.0,N/A,23829.690000000002,8.51,N/A,2800.0,N/A,360,1200,11200.0,12629.69,10389.69,2240.0
https://www.idealista.pt/en/imovel/32486708/,198000.0,2500,30000,11540.0,38.47,14153.689999999999,7.15,3000.0,1980.0,5000.0,360,1200,7920.0,6233.69,4649.69,1584.0
https://www.idealista.pt/en/imovel/33524878/,250000.0,1300,15600,8220.0,52.69,20289.690000000002,8.12,1560.0,2500.0,2600.0,360,1200,10000.0,10289.69,8289.69,2000.0
https://www.idealista.pt/en/imovel/33985445/,237500.0,1000,12000,7135.0,59.46,18814.690000000002,7.92,1200.0,2375.0,2000.0,360,1200,9500.0,9314.69,7414.69,1900.0
https://www.idealista.pt/en/imovel/33984524/,215000.0,2700,32400,12350.0,38.12,16159.689999999999,7.52,3240.0,2150.0,5400.0,360,1200,8600.0,7559.69,5839.69,1720.0
https://www.idealista.pt/en/imovel/34036434/,239000.0,1150,13800,7630.0,55.29,18991.690000000002,7.95,1380.0,2390.0,2300.0,360,1200,9560.0,9431.69,7519.69,1912.0
https://www.idealista.pt/en/imovel/33799532/,235560.0,2100,25200,10635.6,42.2,18585.77,7.89,2520.0,2355.6,4200.0,360,1200,9422.4,9163.37,7278.89,1884.48
https://www.idealista.pt/en/imovel/34032579/,280000.0,1330,15960,8616.0,53.98,23829.690000000002,8.51,1596.0,2800.0,2660.0,360,1200,11200.0,12629.69,10389.69,2240.0
https://www.idealista.pt/en/imovel/34020888/,285500.0,1400,16800,8895.0,52.95,24478.690000000002,8.57,1680.0,2855.0,2800.0,360,1200,11420.0,13058.69,10774.69,2284.0
https://www.idealista.pt/en/imovel/33983484/,290000.0,1050,12600,7820.0,62.06,25009.690000000002,8.62,1260.0,2900.0,2100.0,360,1200,11600.0,13409.69,11089.69,2320.0
https://www.idealista.pt/en/imovel/33934029/,225000.0,7067,84804,26424.4,31.16,17339.690000000002,7.71,8480.4,2250.0,14134.0,360,1200,9000.0,8339.69,6539.69,1800.0
https://www.idealista.pt/en/imovel/33979648/,199000.0,1275,15300,7630.0,49.87,14271.689999999999,7.17,1530.0,1990.0,2550.0,360,1200,7960.0,6311.69,4719.69,1592.0
https://www.idealista.pt/en/imovel/34062281/,275000.0,1163,13956,8031.6,57.55,23239.690000000002,8.45,1395.6000000000001,2750.0,2326.0,360,1200,11000.0,12239.69,10039.69,2200.0
https://www.idealista.pt/en/imovel/34041352/,295000.0,1000,12000,7710.0,64.25,25599.690000000002,8.68,1200.0,2950.0,2000.0,360,1200,11800.0,13799.69,11439.69,2360.0
https://www.idealista.pt/en/imovel/33957087/,272000.0,1450,17400,8920.0,51.26,22885.690000000002,8.41,1740.0,2720.0,2900.0,360,1200,10880.0,12005.69,9829.69,2176.0
https://www.idealista.pt/en/imovel/34005065/,288000.0,3182,38184,14622.4,38.29,24773.690000000002,8.6,3818.4,2880.0,6364.0,360,1200,11520.0,13253.69,10949.69,2304.0
https://www.idealista.pt/en/imovel/34037932/,239000.0,N/A,N/A,3950.0,N/A,18991.690000000002,7.95,N/A,2390.0,N/A,360,1200,9560.0,9431.69,7519.69,1912.0
https://www.idealista.pt/en/imovel/34020973/,210000.0,1233,14796,7605.6,51.4,15569.689999999999,7.41,1479.6000000000001,2100.0,2466.0,360,1200,8400.0,7169.69,5489.69,1680.0
https://www.idealista.pt/en/imovel/34014664/,288000.0,3182,38184,14622.4,38.29,24773.690000000002,8.6,3818.4,2880.0,6364.0,360,1200,11520.0,13253.69,10949.69,2304.0
https://www.idealista.pt/en/imovel/34005974/,299500.0,N/A,N/A,4555.0,N/A,26130.690000000002,8.72,N/A,2995.0,N/A,360,1200,11980.0,14150.69,11754.69,2396.0
https://www.idealista.pt/en/imovel/33985662/,210000.0,N/A,N/A,3660.0,N/A,15569.689999999999,7.41,N/A,2100.0,N/A,360,1200,8400.0,7169.69,5489.69,1680.0
https://www.idealista.pt/en/imovel/34024577/,299900.0,1525,18300,9439.0,51.58,26177.89,8.73,1830.0,2999.0,3050.0,360,1200,11996.0,14181.89,11782.69,2399.2
https://www.idealista.pt/en/imovel/33928601/,275000.0,N/A,N/A,4310.0,N/A,23239.690000000002,8.45,N/A,2750.0,N/A,360,1200,11000.0,12239.69,10039.69,2200.0
https://www.idealista.pt/en/imovel/33995907/,275000.0,N/A,N/A,4310.0,N/A,23239.690000000002,8.45,N/A,2750.0,N/A,360,1200,11000.0,12239.69,10039.69,2200.0
https://www.idealista.pt/en/imovel/34057779/,250000.0,1125,13500,7660.0,56.74,20289.690000000002,8.12,1350.0,2500.0,2250.0,360,1200,10000.0,10289.69,8289.69,2000.0
https://www.idealista.pt/en/imovel/34058868/,299000.0,N/A,N/A,4550.0,N/A,26071.690000000002,8.72,N/A,2990.0,N/A,360,1200,11960.0,14111.69,11719.69,2392.0
https://www.idealista.pt/en/imovel/34055036/,248000.0,N/A,N/A,4040.0,N/A,20053.690000000002,8.09,N/A,2480.0,N/A,360,1200,9920.0,10133.69,8149.69,1984.0
https://www.idealista.pt/en/imovel/34062579/,292000.0,1500,18000,9280.0,51.56,25245.690000000002,8.65,1800.0,2920.0,3000.0,360,1200,11680.0,13565.69,11229.69,2336.0
https://www.idealista.pt/en/imovel/32726243/,249990.0,N/A,N/A,4059.9,N/A,20288.510000000002,8.12,N/A,2499.9,N/A,360,1200,9999.6,10288.91,8288.99,1999.92
https://www.idealista.pt/en/imovel/34031027/,225000.0,1800,21600,9570.0,44.31,17339.690000000002,7.71,2160.0,2250.0,3600.0,360,1200,9000.0,8339.69,6539.69,1800.0
https://www.idealista.pt/en/imovel/33546055/,268000.0,1300,15600,8400.0,53.85,22413.690000000002,8.36,1560.0,2680.0,2600.0,360,1200,10720.0,11693.69,9549.69,2144.0
https://www.idealista.pt/en/imovel/34050744/,247500.0,N/A,N/A,4035.0,N/A,19994.690000000002,8.08,N/A,2475.0,N/A,360,1200,9900.0,10094.69,8114.69,1980.0
https://www.idealista.pt/en/imovel/34062215/,292000.0,N/A,N/A,4480.0,N/A,25245.690000000002,8.65,N/A,2920.0,N/A,360,1200,11680.0,13565.69,11229.69,2336.0
https://www.idealista.pt/en/imovel/34061219/,230000.0,N/A,N/A,3860.0,N/A,17929.690000000002,7.8,N/A,2300.0,N/A,360,1200,9200.0,8729.69,6889.69,1840.0
https://www.idealista.pt/en/imovel/34028209/,285000.0,1450,17400,9050.0,52.01,24419.690000000002,8.57,1740.0,2850.0,2900.0,360,1200,11400.0,13019.69,10739.69,2280.0
https://www.idealista.pt/en/imovel/34009332/,280000.0,1600,19200,9480.0,49.38,23829.690000000002,8.51,1920.0,2800.0,3200.0,360,1200,11200.0,12629.69,10389.69,2240.0
https://www.idealista.pt/en/imovel/34062772/,225000.0,N/A,N/A,3810.0,N/A,17339.690000000002,7.71,N/A,2250.0,N/A,360,1200,9000.0,8339.69,6539.69,1800.0
https://www.idealista.pt/en/imovel/34034329/,190000.0,1707,20484,8922.4,43.56,13298.85,7.0,2048.4,1900.0,3414.0,360,1200,7600.0,5698.85,4178.85,1520.0
https://www.idealista.pt/en/imovel/34028556/,140000.0,1200,14400,6800.0,47.22,8477.39,6.06,1440.0,1400.0,2400.0,360,1200,5600.0,2877.39,1757.39,1120.0
https://www.idealista.pt/en/imovel/34011921/,275000.0,N/A,N/A,4310.0,N/A,23239.690000000002,8.45,N/A,2750.0,N/A,360,1200,11000.0,12239.69,10039.69,2200.0
https://www.idealista.pt/en/imovel/34052184/,200000.0,N/A,N/A,3560.0,N/A,14389.689999999999,7.19,N/A,2000.0,N/A,360,1200,8000.0,6389.69,4789.69,1600.0
https://www.idealista.pt/en/imovel/34053976/,240000.0,1800,21600,9720.0,45.0,19109.690000000002,7.96,2160.0,2400.0,3600.0,360,1200,9600.0,9509.69,7589.69,1920.0
https://www.idealista.pt/en/imovel/33993799/,255000.0,2133,25596,10935.6,42.72,20879.690000000002,8.19,2559.6000000000004,2550.0,4266.0,360,1200,10200.0,10679.69,8639.69,2040.0
https://www.idealista.pt/en/imovel/34050617/,150000.0,N/A,N/A,3060.0,N/A,9378.85,6.25,N/A,1500.0,N/A,360,1200,6000.0,3378.85,2178.85,1200.0
https://www.idealista.pt/en/imovel/34013996/,285000.0,1300,15600,8570.0,54.94,24419.690000000002,8.57,1560.0,2850.0,2600.0,360,1200,11400.0,13019.69,10739.69,2280.0
https://www.idealista.pt/en/imovel/33788189/,245000.0,1375,16500,8410.0,50.97,19699.690000000002,8.04,1650.0,2450.0,2750.0,360,1200,9800.0,9899.69,7939.69,1960.0
https://www.idealista.pt/en/imovel/33992805/,285000.0,1550,18600,9370.0,50.38,24419.690000000002,8.57,1860.0,2850.0,3100.0,360,1200,11400.0,13019.69,10739.69,2280.0
https://www.idealista.pt/en/imovel/34026676/,215000.0,1500,18000,8510.0,47.28,16159.689999999999,7.52,1800.0,2150.0,3000.0,360,1200,8600.0,7559.69,5839.69,1720.0
https://www.idealista.pt/en/imovel/34017690/,239000.0,5581,66972,21809.2,32.56,18991.690000000002,7.95,6697.200000000001,2390.0,11162.0,360,1200,9560.0,9431.69,7519.69,1912.0
https://www.idealista.pt/en/imovel/34051152/,269000.0,1450,17400,8890.0,51.09,22531.690000000002,8.38,1740.0,2690.0,2900.0,360,1200,10760.0,11771.69,9619.69,2152.0
https://www.idealista.pt/en/imovel/34026852/,295000.0,1400,16800,8990.0,53.51,25599.690000000002,8.68,1680.0,2950.0,2800.0,360,1200,11800.0,13799.69,11439.69,2360.0
https://www.idealista.pt/en/imovel/33969959/,210000.0,2424,29088,11416.8,39.25,15569.689999999999,7.41,2908.8,2100.0,4848.0,360,1200,8400.0,7169.69,5489.69,1680.0
https://www.idealista.pt/en/imovel/34030552/,225000.0,850,10200,6530.0,64.02,17339.690000000002,7.71,1020.0,2250.0,1700.0,360,1200,9000.0,8339.69,6539.69,1800.0
https://www.idealista.pt/en/imovel/33990050/,290000.0,N/A,N/A,4460.0,N/A,25009.690000000002,8.62,N/A,2900.0,N/A,360,1200,11600.0,13409.69,11089.69,2320.0
https://www.idealista.pt/en/imovel/34041889/,290000.0,N/A,N/A,4460.0,N/A,25009.690000000002,8.62,N/A,2900.0,N/A,360,1200,11600.0,13409.69,11089.69,2320.0
https://www.idealista.pt/en/imovel/34005229/,290000.0,N/A,N/A,4460.0,N/A,25009.690000000002,8.62,N/A,2900.0,N/A,360,1200,11600.0,13409.69,11089.69,2320.0
https://www.idealista.pt/en/imovel/34013648/,230000.0,1952,23424,10106.4,43.15,17929.690000000002,7.8,2342.4,2300.0,3904.0,360,1200,9200.0,8729.69,6889.69,1840.0
https://www.idealista.pt/en/imovel/34037683/,250000.0,N/A,N/A,4060.0,N/A,20289.690000000002,8.12,N/A,2500.0,N/A,360,1200,10000.0,10289.69,8289.69,2000.0
https://www.idealista.pt/en/imovel/34002042/,299000.0,N/A,N/A,4550.0,N/A,26071.690000000002,8.72,N/A,2990.0,N/A,360,1200,11960.0,14111.69,11719.69,2392.0
https://www.idealista.pt/en/imovel/34058782/,298000.0,N/A,N/A,4540.0,N/A,25953.690000000002,8.71,N/A,2980.0,N/A,360,1200,11920.0,14033.69,11649.69,2384.0
https://www.idealista.pt/en/imovel/34020448/,300000.0,870,10440,7344.0,70.34,26189.690000000002,8.73,1044.0,3000.0,1740.0,360,1200,12000.0,14189.69,11789.69,2400.0
https://www.idealista.pt/en/imovel/34049858/,225000.0,1667,20004,9144.4,45.71,17339.690000000002,7.71,2000.4,2250.0,3334.0,360,1200,9000.0,8339.69,6539.69,1800.0
https://www.idealista.pt/en/imovel/33984272/,265000.0,1143,13716,7867.6,57.36,22059.690000000002,8.32,1371.6000000000001,2650.0,2286.0,360,1200,10600.0,11459.69,9339.69,2120.0
https://www.idealista.pt/en/imovel/34032986/,285000.0,N/A,N/A,4410.0,N/A,24419.690000000002,8.57,N/A,2850.0,N/A,360,1200,11400.0,13019.69,10739.69,2280.0
https://www.idealista.pt/en/imovel/33985351/,260000.0,1300,15600,8320.0,53.33,21469.690000000002,8.26,1560.0,2600.0,2600.0,360,1200,10400.0,11069.69,8989.69,2080.0
https://www.idealista.pt/en/imovel/34060865/,199500.0,7667,92004,28089.4,30.53,14330.689999999999,7.18,9200.4,1995.0,15334.0,360,1200,7980.0,6350.69,4754.69,1596.0
https://www.idealista.pt/en/imovel/34057686/,280000.0,N/A,N/A,4360.0,N/A,23829.690000000002,8.51,N/A,2800.0,N/A,360,1200,11200.0,12629.69,10389.69,2240.0
https://www.idealista.pt/en/imovel/33995413/,165000.0,N/A,N/A,3210.0,N/A,10848.85,6.58,N/A,1650.0,N/A,360,1200,6600.0,4248.85,2928.85,1320.0
https://www.idealista.pt/en/imovel/34022548/,299000.0,2050,24600,11110.0,45.16,26071.690000000002,8.72,2460.0,2990.0,4100.0,360,1200,11960.0,14111.69,11719.69,2392.0
https://www.idealista.pt/en/imovel/33988425/,240000.0,1800,21600,9720.0,45.0,19109.690000000002,7.96,2160.0,2400.0,3600.0,360,1200,9600.0,9509.69,7589.69,1920.0
https://www.idealista.pt/en/imovel/34037837/,240000.0,1800,21600,9720.0,45.0,19109.690000000002,7.96,2160.0,2400.0,3600.0,360,1200,9600.0,9509.69,7589.69,1920.0
https://www.idealista.pt/en/imovel/33984467/,245000.0,2484,29808,11958.8,40.12,19699.690000000002,8.04,2980.8,2450.0,4968.0,360,1200,9800.0,9899.69,7939.69,1960.0
https://www.idealista.pt/en/imovel/34020124/,245000.0,2072,24864,10640.4,42.79,19699.690000000002,8.04,2486.4,2450.0,4144.0,360,1200,9800.0,9899.69,7939.69,1960.0
https://www.idealista.pt/en/imovel/34052765/,247500.0,N/A,N/A,4035.0,N/A,19994.690000000002,8.08,N/A,2475.0,N/A,360,1200,9900.0,10094.69,8114.69,1980.0
https://www.idealista.pt/en/imovel/34061637/,300000.0,4733,56796,19705.6,34.7,26189.690000000002,8.73,5679.6,3000.0,9466.0,360,1200,12000.0,14189.69,11789.69,2400.0
https://www.idealista.pt/en/imovel/33982707/,300000.0,1150,13800,8240.0,59.71,26189.690000000002,8.73,1380.0,3000.0,2300.0,360,1200,12000.0,14189.69,11789.69,2400.0
https://www.idealista.pt/en/imovel/33989995/,239000.0,N/A,N/A,3950.0,N/A,18991.690000000002,7.95,N/A,2390.0,N/A,360,1200,9560.0,9431.69,7519.69,1912.0
https://www.idealista.pt/en/imovel/33985055/,255000.0,1350,16200,8430.0,52.04,20879.690000000002,8.19,1620.0,2550.0,2700.0,360,1200,10200.0,10679.69,8639.69,2040.0
https://www.idealista.pt/en/imovel/34033913/,285000.0,1176,14112,8173.2,57.92,24419.690000000002,8.57,1411.2,2850.0,2352.0,360,1200,11400.0,13019.69,10739.69,2280.0
https://www.idealista.pt/en/imovel/34034170/,255000.0,N/A,N/A,4110.0,N/A,20879.690000000002,8.19,N/A,2550.0,N/A,360,1200,10200.0,10679.69,8639.69,2040.0
https://www.idealista.pt/en/imovel/34061324/,245000.0,N/A,N/A,4010.0,N/A,19699.690000000002,8.04,N/A,2450.0,N/A,360,1200,9800.0,9899.69,7939.69,1960.0
https://www.idealista.pt/en/imovel/34058801/,292000.0,N/A,N/A,4480.0,N/A,25245.690000000002,8.65,N/A,2920.0,N/A,360,1200,11680.0,13565.69,11229.69,2336.0
https://www.idealista.pt/en/imovel/34055110/,250000.0,1252,15024,8066.4,53.69,20289.690000000002,8.12,1502.4,2500.0,2504.0,360,1200,10000.0,10289.69,8289.69,2000.0
https://www.idealista.pt/en/imovel/34044237/,245000.0,N/A,N/A,4010.0,N/A,19699.690000000002,8.04,N/A,2450.0,N/A,360,1200,9800.0,9899.69,7939.69,1960.0
https://www.idealista.pt/en/imovel/34030538/,299900.0,1183,14196,8344.6,58.78,26177.89,8.73,1419.6000000000001,2999.0,2366.0,360,1200,11996.0,14181.89,11782.69,2399.2
https://www.idealista.pt/en/imovel/34020268/,259000.0,1217,14604,8044.4,55.08,21351.690000000002,8.24,1460.4,2590.0,2434.0,360,1200,10360.0,10991.69,8919.69,2072.0
https://www.idealista.pt/en/imovel/33625362/,299900.0,1450,17400,9199.0,52.87,26177.89,8.73,1740.0,2999.0,2900.0,360,1200,11996.0,14181.89,11782.69,2399.2
https://www.idealista.pt/en/imovel/34053475/,280000.0,1760,21120,9992.0,47.31,23829.690000000002,8.51,2112.0,2800.0,3520.0,360,1200,11200.0,12629.69,10389.69,2240.0
https://www.idealista.pt/en/imovel/33853736/,250000.0,1610,19320,9212.0,47.68,20289.690000000002,8.12,1932.0,2500.0,3220.0,360,1200,10000.0,10289.69,8289.69,2000.0
https://www.idealista.pt/en/imovel/34030535/,293000.0,1300,15600,8650.0,55.45,25363.690000000002,8.66,1560.0,2930.0,2600.0,360,1200,11720.0,13643.69,11299.69,2344.0
https://www.idealista.pt/en/imovel/34042836/,299000.0,N/A,N/A,4550.0,N/A,26071.690000000002,8.72,N/A,2990.0,N/A,360,1200,11960.0,14111.69,11719.69,2392.0
https://www.idealista.pt/en/imovel/34055706/,300000.0,N/A,N/A,4560.0,N/A,26189.690000000002,8.73,N/A,3000.0,N/A,360,1200,12000.0,14189.69,11789.69,2400.0
https://www.idealista.pt/en/imovel/34047387/,248000.0,1264,15168,8084.8,53.3,20053.690000000002,8.09,1516.8000000000002,2480.0,2528.0,360,1200,9920.0,10133.69,8149.69,1984.0
https://www.idealista.pt/en/imovel/34048706/,260000.0,N/A,N/A,4160.0,N/A,21469.690000000002,8.26,N/A,2600.0,N/A,360,1200,10400.0,11069.69,8989.69,2080.0
https://www.idealista.pt/en/imovel/34050563/,285000.0,1675,20100,9770.0,48.61,24419.690000000002,8.57,2010.0,2850.0,3350.0,360,1200,11400.0,13019.69,10739.69,2280.0
https://www.idealista.pt/en/imovel/33832574/,229000.0,1300,15600,8010.0,51.35,17811.690000000002,7.78,1560.0,2290.0,2600.0,360,1200,9160.0,8651.69,6819.69,1832.0
https://www.idealista.pt/en/imovel/34034237/,250000.0,1300,15600,8220.0,52.69,20289.690000000002,8.12,1560.0,2500.0,2600.0,360,1200,10000.0,10289.69,8289.69,2000.0
https://www.idealista.pt/en/imovel/34000565/,280000.0,N/A,N/A,4360.0,N/A,23829.690000000002,8.51,N/A,2800.0,N/A,360,1200,11200.0,12629.69,10389.69,2240.0
https://www.idealista.pt/en/imovel/34037766/,290000.0,1300,15600,8620.0,55.26,25009.690000000002,8.62,1560.0,2900.0,2600.0,360,1200,11600.0,13409.69,11089.69,2320.0
https://www.idealista.pt/en/imovel/34014617/,215000.0,N/A,N/A,3710.0,N/A,16159.689999999999,7.52,N/A,2150.0,N/A,360,1200,8600.0,7559.69,5839.69,1720.0
https://www.idealista.pt/en/imovel/34027843/,300000.0,2500,30000,12560.0,41.87,26189.690000000002,8.73,3000.0,3000.0,5000.0,360,1200,12000.0,14189.69,11789.69,2400.0
https://www.idealista.pt/en/imovel/34002154/,239900.0,1300,15600,8119.0,52.04,19097.89,7.96,1560.0,2399.0,2600.0,360,1200,9596.0,9501.89,7582.69,1919.2
https://www.idealista.pt/en/imovel/34028179/,220000.0,2030,24360,10256.0,42.1,16749.69,7.61,2436.0,2200.0,4060.0,360,1200,8800.0,7949.69,6189.69,1760.0
https://www.idealista.pt/en/imovel/34050979/,280000.0,1100,13200,7880.0,59.7,23829.690000000002,8.51,1320.0,2800.0,2200.0,360,1200,11200.0,12629.69,10389.69,2240.0
https://www.idealista.pt/en/imovel/34047662/,299000.0,N/A,N/A,4550.0,N/A,26071.690000000002,8.72,N/A,2990.0,N/A,360,1200,11960.0,14111.69,11719.69,2392.0
https://www.idealista.pt/en/imovel/33976954/,295000.0,N/A,N/A,4510.0,N/A,25599.690000000002,8.68,N/A,2950.0,N/A,360,1200,11800.0,13799.69,11439.69,2360.0
https://www.idealista.pt/en/imovel/34053759/,289000.0,2250,27000,11650.0,43.15,24891.690000000002,8.61,2700.0,2890.0,4500.0,360,1200,11560.0,13331.69,11019.69,2312.0
https://www.idealista.pt/en/imovel/33256934/,260000.0,N/A,N/A,4160.0,N/A,21469.690000000002,8.26,N/A,2600.0,N/A,360,1200,10400.0,11069.69,8989.69,2080.0
https://www.idealista.pt/en/imovel/34041499/,250000.0,2383,28596,11685.6,40.86,20289.690000000002,8.12,2859.6000000000004,2500.0,4766.0,360,1200,10000.0,10289.69,8289.69,2000.0
https://www.idealista.pt/en/imovel/34003524/,196300.0,1183,14196,7308.6,51.48,13953.09,7.11,1419.6000000000001,1963.0,2366.0,360,1200,7852.0,6101.09,4530.69,1570.4
https://www.idealista.pt/en/imovel/34013579/,200000.0,1700,20400,9000.0,44.12,14389.689999999999,7.19,2040.0,2000.0,3400.0,360,1200,8000.0,6389.69,4789.69,1600.0
https://www.idealista.pt/en/imovel/34028316/,250000.0,1213,14556,7941.6,54.56,20289.690000000002,8.12,1455.6000000000001,2500.0,2426.0,360,1200,10000.0,10289.69,8289.69,2000.0
https://www.idealista.pt/en/imovel/34003718/,170000.0,1217,14604,7154.4,48.99,11338.85,6.67,1460.4,1700.0,2434.0,360,1200,6800.0,4538.85,3178.85,1360.0
https://www.idealista.pt/en/imovel/34003355/,219000.0,N/A,N/A,3750.0,N/A,16631.69,7.59,N/A,2190.0,N/A,360,1200,8760.0,7871.69,6119.69,1752.0
https://www.idealista.pt/en/imovel/33954045/,299000.0,N/A,N/A,4550.0,N/A,26071.690000000002,8.72,N/A,2990.0,N/A,360,1200,11960.0,14111.69,11719.69,2392.0
https://www.idealista.pt/en/imovel/34003381/,289000.0,1977,23724,10776.4,45.42,24891.690000000002,8.61,2372.4,2890.0,3954.0,360,1200,11560.0,13331.69,11019.69,2312.0
https://www.idealista.pt/en/imovel/33987737/,275000.0,1707,20484,9772.4,47.71,23239.690000000002,8.45,2048.4,2750.0,3414.0,360,1200,11000.0,12239.69,10039.69,2200.0
https://www.idealista.pt/en/imovel/34002988/,288000.0,1450,17400,9080.0,52.18,24773.690000000002,8.6,1740.0,2880.0,2900.0,360,1200,11520.0,13253.69,10949.69,2304.0
https://www.idealista.pt/en/imovel/34044946/,235000.0,1200,14400,7750.0,53.82,18519.690000000002,7.88,1440.0,2350.0,2400.0,360,1200,9400.0,9119.69,7239.69,1880.0
https://www.idealista.pt/en/imovel/34008276/,275000.0,1600,19200,9430.0,49.11,23239.690000000002,8.45,1920.0,2750.0,3200.0,360,1200,11000.0,12239.69,10039.69,2200.0
https://www.idealista.pt/en/imovel/33843371/,180000.0,N/A,N/A,3360.0,N/A,12318.85,6.84,N/A,1800.0,N/A,360,1200,7200.0,5118.85,3678.85,1440.0
https://www.idealista.pt/en/imovel/34050773/,270000.0,N/A,N/A,4260.0,N/A,22649.690000000002,8.39,N/A,2700.0,N/A,360,1200,10800.0,11849.69,9689.69,2160.0
https://www.idealista.pt/en/imovel/33979639/,265000.0,2135,25620,11042.0,43.1,22059.690000000002,8.32,2562.0,2650.0,4270.0,360,1200,10600.0,11459.69,9339.69,2120.0
https://www.idealista.pt/en/imovel/33929639/,250000.0,1300,15600,8220.0,52.69,20289.690000000002,8.12,1560.0,2500.0,2600.0,360,1200,10000.0,10289.69,8289.69,2000.0
https://www.idealista.pt/en/imovel/34008493/,269000.0,N/A,N/A,4250.0,N/A,22531.690000000002,8.38,N/A,2690.0,N/A,360,1200,10760.0,11771.69,9619.69,2152.0
https://www.idealista.pt/en/imovel/34044220/,300000.0,2233,26796,11705.6,43.68,26189.690000000002,8.73,2679.6000000000004,3000.0,4466.0,360,1200,12000.0,14189.69,11789.69,2400.0
https://www.idealista.pt/en/imovel/33993160/,259000.0,1033,12396,7455.6,60.15,21351.690000000002,8.24,1239.6000000000001,2590.0,2066.0,360,1200,10360.0,10991.69,8919.69,2072.0
https://www.idealista.pt/en/imovel/33982678/,235000.0,1692,20304,9324.4,45.92,18519.690000000002,7.88,2030.4,2350.0,3384.0,360,1200,9400.0,9119.69,7239.69,1880.0
https://www.idealista.pt/en/imovel/34033181/,257000.0,1733,20796,9675.6,46.53,21115.690000000002,8.22,2079.6,2570.0,3466.0,360,1200,10280.0,10835.69,8779.69,2056.0
https://www.idealista.pt/en/imovel/34046084/,160000.0,1300,15600,7320.0,46.92,10358.85,6.47,1560.0,1600.0,2600.0,360,1200,6400.0,3958.85,2678.85,1280.0
https://www.idealista.pt/en/imovel/33993159/,265000.0,2135,25620,11042.0,43.1,22059.690000000002,8.32,2562.0,2650.0,4270.0,360,1200,10600.0,11459.69,9339.69,2120.0
https://www.idealista.pt/en/imovel/34003122/,299000.0,3458,41496,15615.6,37.63,26071.690000000002,8.72,4149.6,2990.0,6916.0,360,1200,11960.0,14111.69,11719.69,2392.0
https://www.idealista.pt/en/imovel/33995335/,295000.0,1707,20484,9972.4,48.68,25599.690000000002,8.68,2048.4,2950.0,3414.0,360,1200,11800.0,13799.69,11439.69,2360.0
https://www.idealista.pt/en/imovel/34039074/,250000.0,N/A,N/A,4060.0,N/A,20289.690000000002,8.12,N/A,2500.0,N/A,360,1200,10000.0,10289.69,8289.69,2000.0
https://www.idealista.pt/en/imovel/34062932/,275000.0,N/A,N/A,4310.0,N/A,23239.690000000002,8.45,N/A,2750.0,N/A,360,1200,11000.0,12239.69,10039.69,2200.0
https://www.idealista.pt/en/imovel/34046420/,270000.0,964,11568,7344.8,63.49,22649.690000000002,8.39,1156.8,2700.0,1928.0,360,1200,10800.0,11849.69,9689.69,2160.0
https://www.idealista.pt/en/imovel/34022561/,205000.0,N/A,N/A,3610.0,N/A,14979.689999999999,7.31,N/A,2050.0,N/A,360,1200,8200.0,6779.69,5139.69,1640.0
https://www.idealista.pt/en/imovel/33983218/,299000.0,N/A,N/A,4550.0,N/A,26071.690000000002,8.72,N/A,2990.0,N/A,360,1200,11960.0,14111.69,11719.69,2392.0
https://www.idealista.pt/en/imovel/34019910/,270000.0,1350,16200,8580.0,52.96,22649.690000000002,8.39,1620.0,2700.0,2700.0,360,1200,10800.0,11849.69,9689.69,2160.0
https://www.idealista.pt/en/imovel/33653840/,290000.0,N/A,N/A,4460.0,N/A,25009.690000000002,8.62,N/A,2900.0,N/A,360,1200,11600.0,13409.69,11089.69,2320.0
https://www.idealista.pt/en/imovel/34027910/,275000.0,2939,35268,13714.8,38.89,23239.690000000002,8.45,3526.8,2750.0,5878.0,360,1200,11000.0,12239.69,10039.69,2200.0
https://www.idealista.pt/en/imovel/33981492/,270000.0,1350,16200,8580.0,52.96,22649.690000000002,8.39,1620.0,2700.0,2700.0,360,1200,10800.0,11849.69,9689.69,2160.0
https://www.idealista.pt/en/imovel/34036605/,260000.0,1400,16800,8640.0,51.43,21469.690000000002,8.26,1680.0,2600.0,2800.0,360,1200,10400.0,11069.69,8989.69,2080.0
https://www.idealista.pt/en/imovel/33988435/,135000.0,1475,17700,7630.0,43.11,8137.389999999999,6.03,1770.0,1350.0,2950.0,360,1200,5400.0,2737.39,1657.39,1080.0
https://www.idealista.pt/en/imovel/33979934/,270000.0,1350,16200,8580.0,52.96,22649.690000000002,8.39,1620.0,2700.0,2700.0,360,1200,10800.0,11849.69,9689.69,2160.0
https://www.idealista.pt/en/imovel/34024999/,249900.0,1300,15600,8219.0,52.69,20277.89,8.11,1560.0,2499.0,2600.0,360,1200,9996.0,10281.89,8282.69,1999.2
https://www.idealista.pt/en/imovel/34000907/,265000.0,1400,16800,8690.0,51.73,22059.690000000002,8.32,1680.0,2650.0,2800.0,360,1200,10600.0,11459.69,9339.69,2120.0
https://www.idealista.pt/en/imovel/33989423/,250000.0,N/A,N/A,4060.0,N/A,20289.690000000002,8.12,N/A,2500.0,N/A,360,1200,10000.0,10289.69,8289.69,2000.0
https://www.idealista.pt/en/imovel/34009842/,270000.0,N/A,N/A,4260.0,N/A,22649.690000000002,8.39,N/A,2700.0,N/A,360,1200,10800.0,11849.69,9689.69,2160.0
https://www.idealista.pt/en/imovel/33995382/,300000.0,2000,24000,10960.0,45.67,26189.690000000002,8.73,2400.0,3000.0,4000.0,360,1200,12000.0,14189.69,11789.69,2400.0
https://www.idealista.pt/en/imovel/33992083/,250000.0,3200,38400,14300.0,37.24,20289.690000000002,8.12,3840.0,2500.0,6400.0,360,1200,10000.0,10289.69,8289.69,2000.0
https://www.idealista.pt/en/imovel/34041336/,280000.0,1370,16440,8744.0,53.19,23829.690000000002,8.51,1644.0,2800.0,2740.0,360,1200,11200.0,12629.69,10389.69,2240.0
https://www.idealista.pt/en/imovel/34003346/,285000.0,1600,19200,9530.0,49.64,24419.690000000002,8.57,1920.0,2850.0,3200.0,360,1200,11400.0,13019.69,10739.69,2280.0
https://www.idealista.pt/en/imovel/34005205/,295000.0,N/A,N/A,4510.0,N/A,25599.690000000002,8.68,N/A,2950.0,N/A,360,1200,11800.0,13799.69,11439.69,2360.0
https://www.idealista.pt/en/imovel/34010079/,195000.0,N/A,N/A,3510.0,N/A,13799.689999999999,7.08,N/A,1950.0,N/A,360,1200,7800.0,5999.69,4439.69,1560.0
https://www.idealista.pt/en/imovel/34009087/,210000.0,6389,76668,24104.8,31.44,15569.689999999999,7.41,7666.8,2100.0,12778.0,360,1200,8400.0,7169.69,5489.69,1680.0
https://www.idealista.pt/en/imovel/33956611/,230000.0,1261,15132,7895.2,52.18,17929.690000000002,7.8,1513.2,2300.0,2522.0,360,1200,9200.0,8729.69,6889.69,1840.0
https://www.idealista.pt/en/imovel/34039073/,250000.0,N/A,N/A,4060.0,N/A,20289.690000000002,8.12,N/A,2500.0,N/A,360,1200,10000.0,10289.69,8289.69,2000.0
https://www.idealista.pt/en/imovel/34050216/,260000.0,2411,28932,11875.2,41.05,21469.690000000002,8.26,2893.2000000000003,2600.0,4822.0,360,1200,10400.0,11069.69,8989.69,2080.0
https://www.idealista.pt/en/imovel/33983717/,289000.0,1733,20796,9995.6,48.07,24891.690000000002,8.61,2079.6,2890.0,3466.0,360,1200,11560.0,13331.69,11019.69,2312.0
https://www.idealista.pt/en/imovel/34001087/,200000.0,N/A,N/A,3560.0,N/A,14389.689999999999,7.19,N/A,2000.0,N/A,360,1200,8000.0,6389.69,4789.69,1600.0
https://www.idealista.pt/en/imovel/34048820/,220000.0,1317,15804,7974.4,50.46,16749.69,7.61,1580.4,2200.0,2634.0,360,1200,8800.0,7949.69,6189.69,1760.0
https://www.idealista.pt/en/imovel/34008315/,270000.0,1460,17520,8932.0,50.98,22649.690000000002,8.39,1752.0,2700.0,2920.0,360,1200,10800.0,11849.69,9689.69,2160.0
https://www.idealista.pt/en/imovel/34012957/,240000.0,1800,21600,9720.0,45.0,19109.690000000002,7.96,2160.0,2400.0,3600.0,360,1200,9600.0,9509.69,7589.69,1920.0
https://www.idealista.pt/en/imovel/34038056/,270000.0,N/A,N/A,4260.0,N/A,22649.690000000002,8.39,N/A,2700.0,N/A,360,1200,10800.0,11849.69,9689.69,2160.0
https://www.idealista.pt/en/imovel/34047803/,230000.0,N/A,N/A,3860.0,N/A,17929.690000000002,7.8,N/A,2300.0,N/A,360,1200,9200.0,8729.69,6889.69,1840.0
https://www.idealista.pt/en/imovel/34033580/,290000.0,N/A,N/A,4460.0,N/A,25009.690000000002,8.62,N/A,2900.0,N/A,360,1200,11600.0,13409.69,11089.69,2320.0
https://www.idealista.pt/en/imovel/34027780/,300000.0,1500,18000,9360.0,52.0,26189.690000000002,8.73,1800.0,3000.0,3000.0,360,1200,12000.0,14189.69,11789.69,2400.0
https://www.idealista.pt/en/imovel/33704216/,270000.0,2000,24000,10660.0,44.42,22649.690000000002,8.39,2400.0,2700.0,4000.0,360,1200,10800.0,11849.69,9689.69,2160.0
https://www.idealista.pt/en/imovel/33170895/,285000.0,N/A,N/A,4410.0,N/A,24419.690000000002,8.57,N/A,2850.0,N/A,360,1200,11400.0,13019.69,10739.69,2280.0
https://www.idealista.pt/en/imovel/33956353/,208000.0,2600,31200,11960.0,38.33,15333.689999999999,7.37,3120.0,2080.0,5200.0,360,1200,8320.0,7013.69,5349.69,1664.0
https://www.idealista.pt/en/imovel/33964327/,290000.0,1691,20292,9871.2,48.65,25009.690000000002,8.62,2029.2,2900.0,3382.0,360,1200,11600.0,13409.69,11089.69,2320.0
https://www.idealista.pt/en/imovel/33789807/,285000.0,N/A,N/A,4410.0,N/A,24419.690000000002,8.57,N/A,2850.0,N/A,360,1200,11400.0,13019.69,10739.69,2280.0
https://www.idealista.pt/en/imovel/33277885/,215000.0,N/A,N/A,3710.0,N/A,16159.689999999999,7.52,N/A,2150.0,N/A,360,1200,8600.0,7559.69,5839.69,1720.0
https://www.idealista.pt/en/imovel/33694400/,289000.0,N/A,N/A,4450.0,N/A,24891.690000000002,8.61,N/A,2890.0,N/A,360,1200,11560.0,13331.69,11019.69,2312.0
https://www.idealista.pt/en/imovel/33934110/,248000.0,1782,21384,9742.4,45.56,20053.690000000002,8.09,2138.4,2480.0,3564.0,360,1200,9920.0,10133.69,8149.69,1984.0
https://www.idealista.pt/en/imovel/33922302/,240000.0,N/A,N/A,3960.0,N/A,19109.690000000002,7.96,N/A,2400.0,N/A,360,1200,9600.0,9509.69,7589.69,1920.0
https://www.idealista.pt/en/imovel/33898547/,300000.0,N/A,N/A,4560.0,N/A,26189.690000000002,8.73,N/A,3000.0,N/A,360,1200,12000.0,14189.69,11789.69,2400.0
https://www.idealista.pt/en/imovel/33924500/,290000.0,1800,21600,10220.0,47.31,25009.690000000002,8.62,2160.0,2900.0,3600.0,360,1200,11600.0,13409.69,11089.69,2320.0
https://www.idealista.pt/en/imovel/33654320/,295000.0,1483,17796,9255.6,52.01,25599.690000000002,8.68,1779.6000000000001,2950.0,2966.0,360,1200,11800.0,13799.69,11439.69,2360.0
https://www.idealista.pt/en/imovel/33736516/,255000.0,2241,26892,11281.2,41.95,20879.690000000002,8.19,2689.2000000000003,2550.0,4482.0,360,1200,10200.0,10679.69,8639.69,2040.0
https://www.idealista.pt/en/imovel/33962583/,260000.0,1150,13800,7840.0,56.81,21469.690000000002,8.26,1380.0,2600.0,2300.0,360,1200,10400.0,11069.69,8989.69,2080.0
https://www.idealista.pt/en/imovel/33851408/,230000.0,2030,24360,10356.0,42.51,17929.690000000002,7.8,2436.0,2300.0,4060.0,360,1200,9200.0,8729.69,6889.69,1840.0
https://www.idealista.pt/en/imovel/33911212/,280000.0,1610,19320,9512.0,49.23,23829.690000000002,8.51,1932.0,2800.0,3220.0,360,1200,11200.0,12629.69,10389.69,2240.0
https://www.idealista.pt/en/imovel/33846538/,250000.0,3750,45000,16060.0,35.69,20289.690000000002,8.12,4500.0,2500.0,7500.0,360,1200,10000.0,10289.69,8289.69,2000.0
https://www.idealista.pt/en/imovel/33919754/,195000.0,3000,36000,13110.0,36.42,13799.689999999999,7.08,3600.0,1950.0,6000.0,360,1200,7800.0,5999.69,4439.69,1560.0
https://www.idealista.pt/en/imovel/33799376/,285000.0,N/A,N/A,4410.0,N/A,24419.690000000002,8.57,N/A,2850.0,N/A,360,1200,11400.0,13019.69,10739.69,2280.0
https://www.idealista.pt/en/imovel/33972383/,250000.0,1247,14964,8050.4,53.8,20289.690000000002,8.12,1496.4,2500.0,2494.0,360,1200,10000.0,10289.69,8289.69,2000.0
https://www.idealista.pt/en/imovel/33917033/,299500.0,N/A,N/A,4555.0,N/A,26130.690000000002,8.72,N/A,2995.0,N/A,360,1200,11980.0,14150.69,11754.69,2396.0
https://www.idealista.pt/en/imovel/33792891/,300000.0,1924,23088,10716.8,46.42,26189.690000000002,8.73,2308.8,3000.0,3848.0,360,1200,12000.0,14189.69,11789.69,2400.0
https://www.idealista.pt/en/imovel/33904537/,290000.0,2494,29928,12440.8,41.57,25009.690000000002,8.62,2992.8,2900.0,4988.0,360,1200,11600.0,13409.69,11089.69,2320.0
https://www.idealista.pt/en/imovel/33630455/,285000.0,3956,47472,17069.2,35.96,24419.690000000002,8.57,4747.2,2850.0,7912.0,360,1200,11400.0,13019.69,10739.69,2280.0
https://www.idealista.pt/en/imovel/33964850/,250000.0,1483,17796,8805.6,49.48,20289.690000000002,8.12,1779.6000000000001,2500.0,2966.0,360,1200,10000.0,10289.69,8289.69,2000.0
https://www.idealista.pt/en/imovel/33086982/,250000.0,N/A,N/A,4060.0,N/A,20289.690000000002,8.12,N/A,2500.0,N/A,360,1200,10000.0,10289.69,8289.69,2000.0
https://www.idealista.pt/en/imovel/33364458/,290000.0,2296,27552,11807.2,42.85,25009.690000000002,8.62,2755.2000000000003,2900.0,4592.0,360,1200,11600.0,13409.69,11089.69,2320.0
https://www.idealista.pt/en/imovel/33955347/,269000.0,N/A,N/A,4250.0,N/A,22531.690000000002,8.38,N/A,2690.0,N/A,360,1200,10760.0,11771.69,9619.69,2152.0
https://www.idealista.pt/en/imovel/33755290/,230000.0,2050,24600,10420.0,42.36,17929.690000000002,7.8,2460.0,2300.0,4100.0,360,1200,9200.0,8729.69,6889.69,1840.0
https://www.idealista.pt/en/imovel/33625352/,170000.0,1733,20796,8805.6,42.34,11338.85,6.67,2079.6,1700.0,3466.0,360,1200,6800.0,4538.85,3178.85,1360.0
https://www.idealista.pt/en/imovel/33096356/,298000.0,2233,26796,11685.6,43.61,25953.690000000002,8.71,2679.6000000000004,2980.0,4466.0,360,1200,11920.0,14033.69,11649.69,2384.0
https://www.idealista.pt/en/imovel/33974797/,230000.0,1500,18000,8660.0,48.11,17929.690000000002,7.8,1800.0,2300.0,3000.0,360,1200,9200.0,8729.69,6889.69,1840.0
https://www.idealista.pt/en/imovel/33935870/,269000.0,2461,29532,12125.2,41.06,22531.690000000002,8.38,2953.2000000000003,2690.0,4922.0,360,1200,10760.0,11771.69,9619.69,2152.0
https://www.idealista.pt/en/imovel/33681153/,299000.0,5500,66000,22150.0,33.56,26071.690000000002,8.72,6600.0,2990.0,11000.0,360,1200,11960.0,14111.69,11719.69,2392.0
https://www.idealista.pt/en/imovel/33712826/,245000.0,2375,28500,11610.0,40.74,19699.690000000002,8.04,2850.0,2450.0,4750.0,360,1200,9800.0,9899.69,7939.69,1960.0
https://www.idealista.pt/en/imovel/33932941/,299000.0,1500,18000,9350.0,51.94,26071.690000000002,8.72,1800.0,2990.0,3000.0,360,1200,11960.0,14111.69,11719.69,2392.0
https://www.idealista.pt/en/imovel/33749208/,300000.0,1450,17400,9200.0,52.87,26189.690000000002,8.73,1740.0,3000.0,2900.0,360,1200,12000.0,14189.69,11789.69,2400.0
https://www.idealista.pt/en/imovel/33616511/,260000.0,1610,19320,9312.0,48.2,21469.690000000002,8.26,1932.0,2600.0,3220.0,360,1200,10400.0,11069.69,8989.69,2080.0
https://www.idealista.pt/en/imovel/32537931/,299000.0,1400,16800,9030.0,53.75,26071.690000000002,8.72,1680.0,2990.0,2800.0,360,1200,11960.0,14111.69,11719.69,2392.0
https://www.idealista.pt/en/imovel/33907990/,300000.0,5578,66936,22409.6,33.48,26189.690000000002,8.73,6693.6,3000.0,11156.0,360,1200,12000.0,14189.69,11789.69,2400.0
https://www.idealista.pt/en/imovel/33485746/,299000.0,1420,17040,9094.0,53.37,26071.690000000002,8.72,1704.0,2990.0,2840.0,360,1200,11960.0,14111.69,11719.69,2392.0
https://www.idealista.pt/en/imovel/33815374/,290000.0,N/A,N/A,4460.0,N/A,25009.690000000002,8.62,N/A,2900.0,N/A,360,1200,11600.0,13409.69,11089.69,2320.0
https://www.idealista.pt/en/imovel/33780968/,285000.0,1400,16800,8890.0,52.92,24419.690000000002,8.57,1680.0,2850.0,2800.0,360,1200,11400.0,13019.69,10739.69,2280.0
https://www.idealista.pt/en/imovel/33871132/,245000.0,3200,38400,14250.0,37.11,19699.690000000002,8.04,3840.0,2450.0,6400.0,360,1200,9800.0,9899.69,7939.69,1960.0
https://www.idealista.pt/en/imovel/33750712/,250000.0,1573,18876,9093.6,48.18,20289.690000000002,8.12,1887.6000000000001,2500.0,3146.0,360,1200,10000.0,10289.69,8289.69,2000.0
https://www.idealista.pt/en/imovel/33966386/,270000.0,N/A,N/A,4260.0,N/A,22649.690000000002,8.39,N/A,2700.0,N/A,360,1200,10800.0,11849.69,9689.69,2160.0
https://www.idealista.pt/en/imovel/33415512/,257500.0,1170,14040,7879.0,56.12,21174.690000000002,8.22,1404.0,2575.0,2340.0,360,1200,10300.0,10874.69,8814.69,2060.0
https://www.idealista.pt/en/imovel/33673087/,299000.0,3200,38400,14790.0,38.52,26071.690000000002,8.72,3840.0,2990.0,6400.0,360,1200,11960.0,14111.69,11719.69,2392.0
https://www.idealista.pt/en/imovel/33772698/,288000.0,3182,38184,14622.4,38.29,24773.690000000002,8.6,3818.4,2880.0,6364.0,360,1200,11520.0,13253.69,10949.69,2304.0
https://www.idealista.pt/en/imovel/33119789/,290000.0,2078,24936,11109.6,44.55,25009.690000000002,8.62,2493.6000000000004,2900.0,4156.0,360,1200,11600.0,13409.69,11089.69,2320.0
https://www.idealista.pt/en/imovel/33164642/,275000.0,N/A,N/A,4310.0,N/A,23239.690000000002,8.45,N/A,2750.0,N/A,360,1200,11000.0,12239.69,10039.69,2200.0
https://www.idealista.pt/en/imovel/33791667/,220000.0,N/A,N/A,3760.0,N/A,16749.69,7.61,N/A,2200.0,N/A,360,1200,8800.0,7949.69,6189.69,1760.0
https://www.idealista.pt/en/imovel/33059426/,275000.0,N/A,N/A,4310.0,N/A,23239.690000000002,8.45,N/A,2750.0,N/A,360,1200,11000.0,12239.69,10039.69,2200.0
https://www.idealista.pt/en/imovel/33831271/,275000.0,N/A,N/A,4310.0,N/A,23239.690000000002,8.45,N/A,2750.0,N/A,360,1200,11000.0,12239.69,10039.69,2200.0
https://www.idealista.pt/en/imovel/33750659/,288000.0,3182,38184,14622.4,38.29,24773.690000000002,8.6,3818.4,2880.0,6364.0,360,1200,11520.0,13253.69,10949.69,2304.0
https://www.idealista.pt/en/imovel/32834508/,225000.0,1870,22440,9794.0,43.65,17339.690000000002,7.71,2244.0,2250.0,3740.0,360,1200,9000.0,8339.69,6539.69,1800.0
https://www.idealista.pt/en/imovel/33444004/,189000.0,2511,30132,11485.2,38.12,13200.85,6.98,3013.2000000000003,1890.0,5022.0,360,1200,7560.0,5640.85,4128.85,1512.0
https://www.idealista.pt/en/imovel/33220551/,205000.0,N/A,N/A,3610.0,N/A,14979.689999999999,7.31,N/A,2050.0,N/A,360,1200,8200.0,6779.69,5139.69,1640.0
https://www.idealista.pt/en/imovel/33572164/,175000.0,1136,13632,6945.2,50.95,11828.85,6.76,1363.2,1750.0,2272.0,360,1200,7000.0,4828.85,3428.85,1400.0
https://www.idealista.pt/en/imovel/33034841/,275000.0,N/A,N/A,4310.0,N/A,23239.690000000002,8.45,N/A,2750.0,N/A,360,1200,11000.0,12239.69,10039.69,2200.0
https://www.idealista.pt/en/imovel/33773682/,290000.0,2040,24480,10988.0,44.89,25009.690000000002,8.62,2448.0,2900.0,4080.0,360,1200,11600.0,13409.69,11089.69,2320.0
https://www.idealista.pt/en/imovel/33850250/,270000.0,1213,14556,8141.6,55.93,22649.690000000002,8.39,1455.6000000000001,2700.0,2426.0,360,1200,10800.0,11849.69,9689.69,2160.0
https://www.idealista.pt/en/imovel/33967223/,299900.0,1190,14280,8367.0,58.59,26177.89,8.73,1428.0,2999.0,2380.0,360,1200,11996.0,14181.89,11782.69,2399.2
https://www.idealista.pt/en/imovel/33886530/,288000.0,3182,38184,14622.4,38.29,24773.690000000002,8.6,3818.4,2880.0,6364.0,360,1200,11520.0,13253.69,10949.69,2304.0
https://www.idealista.pt/en/imovel/32813012/,219500.0,2358,28296,11300.6,39.94,16690.69,7.6,2829.6000000000004,2195.0,4716.0,360,1200,8780.0,7910.69,6154.69,1756.0
https://www.idealista.pt/en/imovel/32568986/,300000.0,4442,53304,18774.4,35.22,26189.690000000002,8.73,5330.400000000001,3000.0,8884.0,360,1200,12000.0,14189.69,11789.69,2400.0
https://www.idealista.pt/en/imovel/33015058/,285000.0,2348,28176,11923.6,42.32,24419.690000000002,8.57,2817.6000000000004,2850.0,4696.0,360,1200,11400.0,13019.69,10739.69,2280.0
https://www.idealista.pt/en/imovel/33596805/,295000.0,N/A,N/A,4510.0,N/A,25599.690000000002,8.68,N/A,2950.0,N/A,360,1200,11800.0,13799.69,11439.69,2360.0
https://www.idealista.pt/en/imovel/33932700/,285000.0,N/A,N/A,4410.0,N/A,24419.690000000002,8.57,N/A,2850.0,N/A,360,1200,11400.0,13019.69,10739.69,2280.0
https://www.idealista.pt/en/imovel/33077474/,299000.0,2600,31200,12870.0,41.25,26071.690000000002,8.72,3120.0,2990.0,5200.0,360,1200,11960.0,14111.69,11719.69,2392.0
https://www.idealista.pt/en/imovel/32401970/,250000.0,N/A,N/A,4060.0,N/A,20289.690000000002,8.12,N/A,2500.0,N/A,360,1200,10000.0,10289.69,8289.69,2000.0
https://www.idealista.pt/en/imovel/33927261/,269000.0,2030,24360,10746.0,44.11,22531.690000000002,8.38,2436.0,2690.0,4060.0,360,1200,10760.0,11771.69,9619.69,2152.0
https://www.idealista.pt/en/imovel/33737730/,295000.0,1400,16800,8990.0,53.51,25599.690000000002,8.68,1680.0,2950.0,2800.0,360,1200,11800.0,13799.69,11439.69,2360.0
https://www.idealista.pt/en/imovel/33952410/,235000.0,N/A,N/A,3910.0,N/A,18519.690000000002,7.88,N/A,2350.0,N/A,360,1200,9400.0,9119.69,7239.69,1880.0
https://www.idealista.pt/en/imovel/33895242/,280000.0,N/A,N/A,4360.0,N/A,23829.690000000002,8.51,N/A,2800.0,N/A,360,1200,11200.0,12629.69,10389.69,2240.0
https://www.idealista.pt/en/imovel/33113830/,285000.0,1950,23400,10650.0,45.51,24419.690000000002,8.57,2340.0,2850.0,3900.0,360,1200,11400.0,13019.69,10739.69,2280.0
https://www.idealista.pt/en/imovel/33882150/,250000.0,1247,14964,8050.4,53.8,20289.690000000002,8.12,1496.4,2500.0,2494.0,360,1200,10000.0,10289.69,8289.69,2000.0
https://www.idealista.pt/en/imovel/33367986/,295000.0,1130,13560,8126.0,59.93,25599.690000000002,8.68,1356.0,2950.0,2260.0,360,1200,11800.0,13799.69,11439.69,2360.0
https://www.idealista.pt/en/imovel/33958249/,259000.0,2000,24000,10550.0,43.96,21351.690000000002,8.24,2400.0,2590.0,4000.0,360,1200,10360.0,10991.69,8919.69,2072.0
https://www.idealista.pt/en/imovel/33425899/,253000.0,N/A,N/A,4090.0,N/A,20643.690000000002,8.16,N/A,2530.0,N/A,360,1200,10120.0,10523.69,8499.69,2024.0
https://www.idealista.pt/en/imovel/33861608/,290000.0,1200,14400,8300.0,57.64,25009.690000000002,8.62,1440.0,2900.0,2400.0,360,1200,11600.0,13409.69,11089.69,2320.0
https://www.idealista.pt/en/imovel/33347728/,299000.0,N/A,N/A,4550.0,N/A,26071.690000000002,8.72,N/A,2990.0,N/A,360,1200,11960.0,14111.69,11719.69,2392.0
https://www.idealista.pt/en/imovel/33873162/,220000.0,N/A,N/A,3760.0,N/A,16749.69,7.61,N/A,2200.0,N/A,360,1200,8800.0,7949.69,6189.69,1760.0
https://www.idealista.pt/en/imovel/32973030/,210000.0,N/A,N/A,3660.0,N/A,15569.689999999999,7.41,N/A,2100.0,N/A,360,1200,8400.0,7169.69,5489.69,1680.0
https://www.idealista.pt/en/imovel/33938321/,245000.0,1800,21600,9770.0,45.23,19699.690000000002,8.04,2160.0,2450.0,3600.0,360,1200,9800.0,9899.69,7939.69,1960.0
https://www.idealista.pt/en/imovel/30450592/,244000.0,1200,14400,7840.0,54.44,19581.690000000002,8.03,1440.0,2440.0,2400.0,360,1200,9760.0,9821.69,7869.69,1952.0
https://www.idealista.pt/en/imovel/33746760/,229000.0,N/A,N/A,3850.0,N/A,17811.690000000002,7.78,N/A,2290.0,N/A,360,1200,9160.0,8651.69,6819.69,1832.0
https://www.idealista.pt/en/imovel/33886997/,288000.0,2978,35736,13969.6,39.09,24773.690000000002,8.6,3573.6000000000004,2880.0,5956.0,360,1200,11520.0,13253.69,10949.69,2304.0
https://www.idealista.pt/en/imovel/33789599/,299000.0,2606,31272,12889.2,41.22,26071.690000000002,8.72,3127.2000000000003,2990.0,5212.0,360,1200,11960.0,14111.69,11719.69,2392.0
https://www.idealista.pt/en/imovel/33059145/,275000.0,N/A,N/A,4310.0,N/A,23239.690000000002,8.45,N/A,2750.0,N/A,360,1200,11000.0,12239.69,10039.69,2200.0
https://www.idealista.pt/en/imovel/33359450/,280000.0,1150,13800,8040.0,58.26,23829.690000000002,8.51,1380.0,2800.0,2300.0,360,1200,11200.0,12629.69,10389.69,2240.0
https://www.idealista.pt/en/imovel/33520741/,299900.0,1500,18000,9359.0,51.99,26177.89,8.73,1800.0,2999.0,3000.0,360,1200,11996.0,14181.89,11782.69,2399.2
https://www.idealista.pt/en/imovel/33922974/,159000.0,N/A,N/A,3150.0,N/A,10260.85,6.45,N/A,1590.0,N/A,360,1200,6360.0,3900.85,2628.85,1272.0
https://www.idealista.pt/en/imovel/32591572/,265000.0,1000,12000,7410.0,61.75,22059.690000000002,8.32,1200.0,2650.0,2000.0,360,1200,10600.0,11459.69,9339.69,2120.0
https://www.idealista.pt/en/imovel/33914485/,288000.0,1573,18876,9473.6,50.19,24773.690000000002,8.6,1887.6000000000001,2880.0,3146.0,360,1200,11520.0,13253.69,10949.69,2304.0
https://www.idealista.pt/en/imovel/33925481/,230000.0,1195,14340,7684.0,53.58,17929.690000000002,7.8,1434.0,2300.0,2390.0,360,1200,9200.0,8729.69,6889.69,1840.0
https://www.idealista.pt/en/imovel/33340092/,265000.0,1630,19560,9426.0,48.19,22059.690000000002,8.32,1956.0,2650.0,3260.0,360,1200,10600.0,11459.69,9339.69,2120.0
https://www.idealista.pt/en/imovel/33758009/,200000.0,N/A,N/A,3560.0,N/A,14389.689999999999,7.19,N/A,2000.0,N/A,360,1200,8000.0,6389.69,4789.69,1600.0
https://www.idealista.pt/en/imovel/33244861/,255000.0,2025,24300,10590.0,43.58,20879.690000000002,8.19,2430.0,2550.0,4050.0,360,1200,10200.0,10679.69,8639.69,2040.0
https://www.idealista.pt/en/imovel/33507444/,210000.0,1375,16500,8060.0,48.85,15569.689999999999,7.41,1650.0,2100.0,2750.0,360,1200,8400.0,7169.69,5489.69,1680.0
https://www.idealista.pt/en/imovel/33120703/,290000.0,2516,30192,12511.2,41.44,25009.690000000002,8.62,3019.2000000000003,2900.0,5032.0,360,1200,11600.0,13409.69,11089.69,2320.0
https://www.idealista.pt/en/imovel/33618417/,295000.0,N/A,N/A,4510.0,N/A,25599.690000000002,8.68,N/A,2950.0,N/A,360,1200,11800.0,13799.69,11439.69,2360.0
https://www.idealista.pt/en/imovel/29027816/,290000.0,1450,17400,9100.0,52.3,25009.690000000002,8.62,1740.0,2900.0,2900.0,360,1200,11600.0,13409.69,11089.69,2320.0
https://www.idealista.pt/en/imovel/33653372/,245000.0,850,10200,6730.0,65.98,19699.690000000002,8.04,1020.0,2450.0,1700.0,360,1200,9800.0,9899.69,7939.69,1960.0
https://www.idealista.pt/en/imovel/33249300/,260000.0,1610,19320,9312.0,48.2,21469.690000000002,8.26,1932.0,2600.0,3220.0,360,1200,10400.0,11069.69,8989.69,2080.0
https://www.idealista.pt/en/imovel/33146222/,190000.0,900,10800,6340.0,58.7,13298.85,7.0,1080.0,1900.0,1800.0,360,1200,7600.0,5698.85,4178.85,1520.0
https://www.idealista.pt/en/imovel/33574964/,299900.0,1188,14256,8360.6,58.65,26177.89,8.73,1425.6000000000001,2999.0,2376.0,360,1200,11996.0,14181.89,11782.69,2399.2
https://www.idealista.pt/en/imovel/33502393/,220000.0,1417,17004,8294.4,48.78,16749.69,7.61,1700.4,2200.0,2834.0,360,1200,8800.0,7949.69,6189.69,1760.0
https://www.idealista.pt/en/imovel/33879293/,295000.0,2000,24000,10910.0,45.46,25599.690000000002,8.68,2400.0,2950.0,4000.0,360,1200,11800.0,13799.69,11439.69,2360.0
https://www.idealista.pt/en/imovel/33415554/,249000.0,1133,13596,7675.6,56.45,20171.690000000002,8.1,1359.6000000000001,2490.0,2266.0,360,1200,9960.0,10211.69,8219.69,1992.0
https://www.idealista.pt/en/imovel/33840325/,267500.0,1592,19104,9329.4,48.83,22354.690000000002,8.36,1910.4,2675.0,3184.0,360,1200,10700.0,11654.69,9514.69,2140.0
https://www.idealista.pt/en/imovel/33804904/,295000.0,3458,41496,15575.6,37.54,25599.690000000002,8.68,4149.6,2950.0,6916.0,360,1200,11800.0,13799.69,11439.69,2360.0
https://www.idealista.pt/en/imovel/33739267/,179000.0,3000,36000,12950.0,35.97,12220.85,6.83,3600.0,1790.0,6000.0,360,1200,7160.0,5060.85,3628.85,1432.0
https://www.idealista.pt/en/imovel/33940409/,170000.0,N/A,N/A,3260.0,N/A,11338.85,6.67,N/A,1700.0,N/A,360,1200,6800.0,4538.85,3178.85,1360.0
https://www.idealista.pt/en/imovel/33746770/,197000.0,1288,15456,7651.6,49.51,14035.689999999999,7.12,1545.6000000000001,1970.0,2576.0,360,1200,7880.0,6155.69,4579.69,1576.0
https://www.idealista.pt/en/imovel/33891400/,288000.0,N/A,N/A,4440.0,N/A,24773.690000000002,8.6,N/A,2880.0,N/A,360,1200,11520.0,13253.69,10949.69,2304.0
https://www.idealista.pt/en/imovel/33360895/,189900.0,2114,25368,10223.8,40.3,13289.05,7.0,2536.8,1899.0,4228.0,360,1200,7596.0,5693.05,4173.85,1519.2
https://www.idealista.pt/en/imovel/33905805/,249500.0,3200,38400,14295.0,37.23,20230.690000000002,8.11,3840.0,2495.0,6400.0,360,1200,9980.0,10250.69,8254.69,1996.0
https://www.idealista.pt/en/imovel/33836023/,255000.0,1397,16764,8580.4,51.18,20879.690000000002,8.19,1676.4,2550.0,2794.0,360,1200,10200.0,10679.69,8639.69,2040.0
https://www.idealista.pt/en/imovel/33473969/,295000.0,1200,14400,8350.0,57.99,25599.690000000002,8.68,1440.0,2950.0,2400.0,360,1200,11800.0,13799.69,11439.69,2360.0
https://www.idealista.pt/en/imovel/33973726/,299900.0,1450,17400,9199.0,52.87,26177.89,8.73,1740.0,2999.0,2900.0,360,1200,11996.0,14181.89,11782.69,2399.2
https://www.idealista.pt/en/imovel/33940533/,210000.0,2346,28152,11167.2,39.67,15569.689999999999,7.41,2815.2000000000003,2100.0,4692.0,360,1200,8400.0,7169.69,5489.69,1680.0
https://www.idealista.pt/en/imovel/31301952/,290000.0,3483,41796,15605.6,37.34,25009.690000000002,8.62,4179.6,2900.0,6966.0,360,1200,11600.0,13409.69,11089.69,2320.0
https://www.idealista.pt/en/imovel/33547441/,285000.0,2000,24000,10810.0,45.04,24419.690000000002,8.57,2400.0,2850.0,4000.0,360,1200,11400.0,13019.69,10739.69,2280.0
https://www.idealista.pt/en/imovel/32973902/,280000.0,1977,23724,10686.4,45.04,23829.690000000002,8.51,2372.4,2800.0,3954.0,360,1200,11200.0,12629.69,10389.69,2240.0
https://www.idealista.pt/en/imovel/31730465/,289000.0,N/A,N/A,4450.0,N/A,24891.690000000002,8.61,N/A,2890.0,N/A,360,1200,11560.0,13331.69,11019.69,2312.0
https://www.idealista.pt/en/imovel/33765250/,290000.0,1707,20484,9922.4,48.44,25009.690000000002,8.62,2048.4,2900.0,3414.0,360,1200,11600.0,13409.69,11089.69,2320.0
https://www.idealista.pt/en/imovel/33783909/,220000.0,900,10800,6640.0,61.48,16749.69,7.61,1080.0,2200.0,1800.0,360,1200,8800.0,7949.69,6189.69,1760.0
https://www.idealista.pt/en/imovel/33545220/,280000.0,N/A,N/A,4360.0,N/A,23829.690000000002,8.51,N/A,2800.0,N/A,360,1200,11200.0,12629.69,10389.69,2240.0
https://www.idealista.pt/en/imovel/33970104/,280000.0,2500,30000,12360.0,41.2,23829.690000000002,8.51,3000.0,2800.0,5000.0,360,1200,11200.0,12629.69,10389.69,2240.0
https://www.idealista.pt/en/imovel/33602234/,249000.0,1707,20484,9512.4,46.44,20171.690000000002,8.1,2048.4,2490.0,3414.0,360,1200,9960.0,10211.69,8219.69,1992.0
https://www.idealista.pt/en/imovel/30257667/,280000.0,N/A,N/A,4360.0,N/A,23829.690000000002,8.51,N/A,2800.0,N/A,360,1200,11200.0,12629.69,10389.69,2240.0
https://www.idealista.pt/en/imovel/33479958/,247000.0,3956,47472,16689.2,35.16,19935.690000000002,8.07,4747.2,2470.0,7912.0,360,1200,9880.0,10055.69,8079.69,1976.0
https://www.idealista.pt/en/imovel/33936382/,245000.0,1300,15600,8170.0,52.37,19699.690000000002,8.04,1560.0,2450.0,2600.0,360,1200,9800.0,9899.69,7939.69,1960.0
https://www.idealista.pt/en/imovel/33674465/,175000.0,N/A,N/A,3310.0,N/A,11828.85,6.76,N/A,1750.0,N/A,360,1200,7000.0,4828.85,3428.85,1400.0
https://www.idealista.pt/en/imovel/33797896/,250000.0,1125,13500,7660.0,56.74,20289.690000000002,8.12,1350.0,2500.0,2250.0,360,1200,10000.0,10289.69,8289.69,2000.0
https://www.idealista.pt/en/imovel/33418991/,289000.0,N/A,N/A,4450.0,N/A,24891.690000000002,8.61,N/A,2890.0,N/A,360,1200,11560.0,13331.69,11019.69,2312.0
https://www.idealista.pt/en/imovel/33097996/,270000.0,1183,14196,8045.6,56.68,22649.690000000002,8.39,1419.6000000000001,2700.0,2366.0,360,1200,10800.0,11849.69,9689.69,2160.0
https://www.idealista.pt/en/imovel/33956092/,197500.0,2067,24804,10149.4,40.92,14094.689999999999,7.14,2480.4,1975.0,4134.0,360,1200,7900.0,6194.69,4614.69,1580.0
https://www.idealista.pt/en/imovel/33871908/,220000.0,N/A,N/A,3760.0,N/A,16749.69,7.61,N/A,2200.0,N/A,360,1200,8800.0,7949.69,6189.69,1760.0
https://www.idealista.pt/en/imovel/33370179/,259800.0,1400,16800,8638.0,51.42,21446.09,8.25,1680.0,2598.0,2800.0,360,1200,10392.0,11054.09,8975.69,2078.4
https://www.idealista.pt/en/imovel/33918510/,295000.0,2250,27000,11710.0,43.37,25599.690000000002,8.68,2700.0,2950.0,4500.0,360,1200,11800.0,13799.69,11439.69,2360.0
https://www.idealista.pt/en/imovel/33852582/,177000.0,1125,13500,6930.0,51.33,12024.85,6.79,1350.0,1770.0,2250.0,360,1200,7080.0,4944.85,3528.85,1416.0
https://www.idealista.pt/en/imovel/33677556/,295000.0,3458,41496,15575.6,37.54,25599.690000000002,8.68,4149.6,2950.0,6916.0,360,1200,11800.0,13799.69,11439.69,2360.0
https://www.idealista.pt/en/imovel/33947763/,200000.0,N/A,N/A,3560.0,N/A,14389.689999999999,7.19,N/A,2000.0,N/A,360,1200,8000.0,6389.69,4789.69,1600.0
https://www.idealista.pt/en/imovel/33677566/,284000.0,1600,19200,9520.0,49.58,24301.690000000002,8.56,1920.0,2840.0,3200.0,360,1200,11360.0,12941.69,10669.69,2272.0
https://www.idealista.pt/en/imovel/33873276/,295000.0,N/A,N/A,4510.0,N/A,25599.690000000002,8.68,N/A,2950.0,N/A,360,1200,11800.0,13799.69,11439.69,2360.0
https://www.idealista.pt/en/imovel/32950184/,179000.0,N/A,N/A,3350.0,N/A,12220.85,6.83,N/A,1790.0,N/A,360,1200,7160.0,5060.85,3628.85,1432.0
https://www.idealista.pt/en/imovel/33845091/,280000.0,3200,38400,14600.0,38.02,23829.690000000002,8.51,3840.0,2800.0,6400.0,360,1200,11200.0,12629.69,10389.69,2240.0
https://www.idealista.pt/en/imovel/33571421/,299900.0,1450,17400,9199.0,52.87,26177.89,8.73,1740.0,2999.0,2900.0,360,1200,11996.0,14181.89,11782.69,2399.2
https://www.idealista.pt/en/imovel/33886877/,135000.0,1440,17280,7518.0,43.51,8137.389999999999,6.03,1728.0,1350.0,2880.0,360,1200,5400.0,2737.39,1657.39,1080.0
https://www.idealista.pt/en/imovel/33969701/,290000.0,1650,19800,9740.0,49.19,25009.690000000002,8.62,1980.0,2900.0,3300.0,360,1200,11600.0,13409.69,11089.69,2320.0
https://www.idealista.pt/en/imovel/33671705/,299900.0,2200,26400,11599.0,43.94,26177.89,8.73,2640.0,2999.0,4400.0,360,1200,11996.0,14181.89,11782.69,2399.2
https://www.idealista.pt/en/imovel/33613343/,197000.0,1167,14004,7264.4,51.87,14035.689999999999,7.12,1400.4,1970.0,2334.0,360,1200,7880.0,6155.69,4579.69,1576.0
https://www.idealista.pt/en/imovel/33975817/,299900.0,1450,17400,9199.0,52.87,26177.89,8.73,1740.0,2999.0,2900.0,360,1200,11996.0,14181.89,11782.69,2399.2
https://www.idealista.pt/en/imovel/33304593/,300000.0,1213,14556,8441.6,57.99,26189.690000000002,8.73,1455.6000000000001,3000.0,2426.0,360,1200,12000.0,14189.69,11789.69,2400.0
https://www.idealista.pt/en/imovel/33951033/,299900.0,1650,19800,9839.0,49.69,26177.89,8.73,1980.0,2999.0,3300.0,360,1200,11996.0,14181.89,11782.69,2399.2
https://www.idealista.pt/en/imovel/33145538/,275000.0,N/A,N/A,4310.0,N/A,23239.690000000002,8.45,N/A,2750.0,N/A,360,1200,11000.0,12239.69,10039.69,2200.0
https://www.idealista.pt/en/imovel/32620524/,190000.0,N/A,N/A,3460.0,N/A,13298.85,7.0,N/A,1900.0,N/A,360,1200,7600.0,5698.85,4178.85,1520.0
https://www.idealista.pt/en/imovel/33898635/,260000.0,1150,13800,7840.0,56.81,21469.690000000002,8.26,1380.0,2600.0,2300.0,360,1200,10400.0,11069.69,8989.69,2080.0
https://www.idealista.pt/en/imovel/33084983/,170000.0,2733,32796,12005.6,36.61,11338.85,6.67,3279.6000000000004,1700.0,5466.0,360,1200,6800.0,4538.85,3178.85,1360.0
https://www.idealista.pt/en/imovel/32490930/,190000.0,900,10800,6340.0,58.7,13298.85,7.0,1080.0,1900.0,1800.0,360,1200,7600.0,5698.85,4178.85,1520.0
https://www.idealista.pt/en/imovel/33948960/,209653.0,N/A,N/A,3656.53,N/A,15528.740000000002,7.41,N/A,2096.53,N/A,360,1200,8386.12,7142.62,5465.4,1677.22
https://www.idealista.pt/en/imovel/33906311/,196073.0,N/A,N/A,3520.73,N/A,13926.3,7.1,N/A,1960.73,N/A,360,1200,7842.92,6083.38,4514.8,1568.58
https://www.idealista.pt/en/imovel/33908094/,244000.0,1200,14400,7840.0,54.44,19581.690000000002,8.03,1440.0,2440.0,2400.0,360,1200,9760.0,9821.69,7869.69,1952.0
https://www.idealista.pt/en/imovel/33867284/,298000.0,N/A,N/A,4540.0,N/A,25953.690000000002,8.71,N/A,2980.0,N/A,360,1200,11920.0,14033.69,11649.69,2384.0
https://www.idealista.pt/en/imovel/33668458/,238000.0,N/A,N/A,3940.0,N/A,18873.690000000002,7.93,N/A,2380.0,N/A,360,1200,9520.0,9353.69,7449.69,1904.0
https://www.idealista.pt/en/imovel/33705568/,239500.0,N/A,N/A,3955.0,N/A,19050.690000000002,7.95,N/A,2395.0,N/A,360,1200,9580.0,9470.69,7554.69,1916.0
https://www.idealista.pt/en/imovel/33880614/,299999.0,2600,31200,12879.99,41.28,26189.57,8.73,3120.0,2999.9900000000002,5200.0,360,1200,11999.960000000001,14189.61,11789.62,2399.99
https://www.idealista.pt/en/imovel/33741333/,240000.0,1496,17952,8747.2,48.73,19109.690000000002,7.96,1795.2,2400.0,2992.0,360,1200,9600.0,9509.69,7589.69,1920.0
https://www.idealista.pt/en/imovel/33845035/,285000.0,N/A,N/A,4410.0,N/A,24419.690000000002,8.57,N/A,2850.0,N/A,360,1200,11400.0,13019.69,10739.69,2280.0
https://www.idealista.pt/en/imovel/33502174/,239500.0,N/A,N/A,3955.0,N/A,19050.690000000002,7.95,N/A,2395.0,N/A,360,1200,9580.0,9470.69,7554.69,1916.0
https://www.idealista.pt/en/imovel/33972841/,160000.0,N/A,N/A,3160.0,N/A,10358.85,6.47,N/A,1600.0,N/A,360,1200,6400.0,3958.85,2678.85,1280.0
https://www.idealista.pt/en/imovel/33752551/,288000.0,3182,38184,14622.4,38.29,24773.690000000002,8.6,3818.4,2880.0,6364.0,360,1200,11520.0,13253.69,10949.69,2304.0
https://www.idealista.pt/en/imovel/33964267/,199000.0,1733,20796,9095.6,43.74,14271.689999999999,7.17,2079.6,1990.0,3466.0,360,1200,7960.0,6311.69,4719.69,1592.0
https://www.idealista.pt/en/imovel/33691556/,269000.0,1450,17400,8890.0,51.09,22531.690000000002,8.38,1740.0,2690.0,2900.0,360,1200,10760.0,11771.69,9619.69,2152.0
https://www.idealista.pt/en/imovel/33891422/,192000.0,N/A,N/A,3480.0,N/A,13494.85,7.03,N/A,1920.0,N/A,360,1200,7680.0,5814.85,4278.85,1536.0
https://www.idealista.pt/en/imovel/33815265/,290000.0,1200,14400,8300.0,57.64,25009.690000000002,8.62,1440.0,2900.0,2400.0,360,1200,11600.0,13409.69,11089.69,2320.0
https://www.idealista.pt/en/imovel/33957421/,210000.0,2241,26892,10831.2,40.28,15569.689999999999,7.41,2689.2000000000003,2100.0,4482.0,360,1200,8400.0,7169.69,5489.69,1680.0
https://www.idealista.pt/en/imovel/33643633/,285000.0,4733,56796,19555.6,34.43,24419.690000000002,8.57,5679.6,2850.0,9466.0,360,1200,11400.0,13019.69,10739.69,2280.0
https://www.idealista.pt/en/imovel/33909925/,280000.0,N/A,N/A,4360.0,N/A,23829.690000000002,8.51,N/A,2800.0,N/A,360,1200,11200.0,12629.69,10389.69,2240.0
https://www.idealista.pt/en/imovel/33830608/,195500.0,N/A,N/A,3515.0,N/A,13858.689999999999,7.09,N/A,1955.0,N/A,360,1200,7820.0,6038.69,4474.69,1564.0
https://www.idealista.pt/en/imovel/33764407/,179000.0,3000,36000,12950.0,35.97,12220.85,6.83,3600.0,1790.0,6000.0,360,1200,7160.0,5060.85,3628.85,1432.0
https://www.idealista.pt/en/imovel/33976726/,272000.0,N/A,N/A,4280.0,N/A,22885.690000000002,8.41,N/A,2720.0,N/A,360,1200,10880.0,12005.69,9829.69,2176.0
https://www.idealista.pt/en/imovel/32699634/,265000.0,3200,38400,14450.0,37.63,22059.690000000002,8.32,3840.0,2650.0,6400.0,360,1200,10600.0,11459.69,9339.69,2120.0
https://www.idealista.pt/en/imovel/33791295/,249000.0,N/A,N/A,4050.0,N/A,20171.690000000002,8.1,N/A,2490.0,N/A,360,1200,9960.0,10211.69,8219.69,1992.0
https://www.idealista.pt/en/imovel/33789783/,250000.0,2025,24300,10540.0,43.37,20289.690000000002,8.12,2430.0,2500.0,4050.0,360,1200,10000.0,10289.69,8289.69,2000.0
https://www.idealista.pt/en/imovel/33715551/,250000.0,1600,19200,9180.0,47.81,20289.690000000002,8.12,1920.0,2500.0,3200.0,360,1200,10000.0,10289.69,8289.69,2000.0
https://www.idealista.pt/en/imovel/33432730/,295000.0,3000,36000,14110.0,39.19,25599.690000000002,8.68,3600.0,2950.0,6000.0,360,1200,11800.0,13799.69,11439.69,2360.0
https://www.idealista.pt/en/imovel/33168759/,170000.0,1125,13500,6860.0,50.81,11338.85,6.67,1350.0,1700.0,2250.0,360,1200,6800.0,4538.85,3178.85,1360.0
https://www.idealista.pt/en/imovel/33496582/,209000.0,2424,29088,11406.8,39.21,15451.689999999999,7.39,2908.8,2090.0,4848.0,360,1200,8360.0,7091.69,5419.69,1672.0
https://www.idealista.pt/en/imovel/33461228/,218000.0,2511,30132,11775.2,39.08,16513.69,7.58,3013.2000000000003,2180.0,5022.0,360,1200,8720.0,7793.69,6049.69,1744.0
https://www.idealista.pt/en/imovel/33954176/,299900.0,1650,19800,9839.0,49.69,26177.89,8.73,1980.0,2999.0,3300.0,360,1200,11996.0,14181.89,11782.69,2399.2
